dept_code,base_2026,field,name,city_display,b25,delta,source_type,data_completeness,note
355,18950,1ο,ΔΙΕΘΝΩΝ ΚΑΙ ΕΥΡΩΠΑΪΚΩΝ ΣΠΟΥΔΩΝ (ΠΕΙΡΑΙΑΣ),Πειραιάς,18990.0,-40.0,MIRROR_UNOFFICIAL,BASE_ONLY,"ΜΟΝΟ ΒΑΣΗ. Θέσεις/εισαχθέντες/κενές 2026 ΔΕΝ διαθέσιμα: το data.gov.gr δεν έχει dataset βάσεων 2026 (έλεγχος 7.144 datasets, 05/08/2026). Πηγή: aeitei.gr, mirror υπουργικών αρχείων — ΑΝΕΠΙΣΗΜΟ. Επαληθεύτηκε σε 13/13 τμήματα 1ου πεδίου έναντι ανεξάρτητης άντλησης."
875,18650,1ο,ΨΥΧΟΛΟΓΩΝ (ΣΣΑΣ) ΘΕΣ/ΝΙΚΗ,Σσας,18155.0,495.0,MIRROR_UNOFFICIAL,BASE_ONLY,"ΜΟΝΟ ΒΑΣΗ. Θέσεις/εισαχθέντες/κενές 2026 ΔΕΝ διαθέσιμα: το data.gov.gr δεν έχει dataset βάσεων 2026 (έλεγχος 7.144 datasets, 05/08/2026). Πηγή: aeitei.gr, mirror υπουργικών αρχείων — ΑΝΕΠΙΣΗΜΟ. Επαληθεύτηκε σε 13/13 τμήματα 1ου πεδίου έναντι ανεξάρτητης άντλησης."
161,18635,1ο,ΔΙΕΘΝΩΝ ΚΑΙ ΕΥΡΩΠΑΪΚΩΝ ΣΠΟΥΔΩΝ (ΘΕΣΣΑΛΟΝΙΚΗ),Θεσσαλονίκη,19295.0,-660.0,MIRROR_UNOFFICIAL,BASE_ONLY,"ΜΟΝΟ ΒΑΣΗ. Θέσεις/εισαχθέντες/κενές 2026 ΔΕΝ διαθέσιμα: το data.gov.gr δεν έχει dataset βάσεων 2026 (έλεγχος 7.144 datasets, 05/08/2026). Πηγή: aeitei.gr, mirror υπουργικών αρχείων — ΑΝΕΠΙΣΗΜΟ. Επαληθεύτηκε σε 13/13 τμήματα 1ου πεδίου έναντι ανεξάρτητης άντλησης."
866,18080,1ο,ΝΟΜΙΚΟ (ΣΣΑΣ) ΘΕΣ/ΝΙΚΗ,Σσας,18040.0,40.0,MIRROR_UNOFFICIAL,BASE_ONLY,"ΜΟΝΟ ΒΑΣΗ. Θέσεις/εισαχθέντες/κενές 2026 ΔΕΝ διαθέσιμα: το data.gov.gr δεν έχει dataset βάσεων 2026 (έλεγχος 7.144 datasets, 05/08/2026). Πηγή: aeitei.gr, mirror υπουργικών αρχείων — ΑΝΕΠΙΣΗΜΟ. Επαληθεύτηκε σε 13/13 τμήματα 1ου πεδίου έναντι ανεξάρτητης άντλησης."
117,17875,1ο,ΝΟΜΙΚΗΣ (ΑΘΗΝΑ),Αθήνα,17875.0,0.0,MIRROR_UNOFFICIAL,BASE_ONLY,"ΜΟΝΟ ΒΑΣΗ. Θέσεις/εισαχθέντες/κενές 2026 ΔΕΝ διαθέσιμα: το data.gov.gr δεν έχει dataset βάσεων 2026 (έλεγχος 7.144 datasets, 05/08/2026). Πηγή: aeitei.gr, mirror υπουργικών αρχείων — ΑΝΕΠΙΣΗΜΟ. Επαληθεύτηκε σε 13/13 τμήματα 1ου πεδίου έναντι ανεξάρτητης άντλησης."
869,17690,1ο,ΑΞΙΩΜΑΤΙΚΩΝ ΕΛΛΗΝΙΚΗΣ ΑΣΤΥΝΟΜΙΑΣ (ΜΟΝΟ ΓΙΑ ΠΟΛΙΤΕΣ),Μονο Για Πολιτες,17590.0,100.0,MIRROR_UNOFFICIAL,BASE_ONLY,"ΜΟΝΟ ΒΑΣΗ. Θέσεις/εισαχθέντες/κενές 2026 ΔΕΝ διαθέσιμα: το data.gov.gr δεν έχει dataset βάσεων 2026 (έλεγχος 7.144 datasets, 05/08/2026). Πηγή: aeitei.gr, mirror υπουργικών αρχείων — ΑΝΕΠΙΣΗΜΟ. Επαληθεύτηκε σε 13/13 τμήματα 1ου πεδίου έναντι ανεξάρτητης άντλησης."
877,17630,1ο,ΑΞΙΩΜΑΤΙΚΩΝ ΠΥΡΟΣΒΕΣΤΙΚΗΣ ΑΚΑΔΗΜΙΑΣ (ΜΟΝΟ ΓΙΑ ΠΟΛΙΤΕΣ),Μονο Για Πολιτες,17460.0,170.0,MIRROR_UNOFFICIAL,BASE_ONLY,"ΜΟΝΟ ΒΑΣΗ. Θέσεις/εισαχθέντες/κενές 2026 ΔΕΝ διαθέσιμα: το data.gov.gr δεν έχει dataset βάσεων 2026 (έλεγχος 7.144 datasets, 05/08/2026). Πηγή: aeitei.gr, mirror υπουργικών αρχείων — ΑΝΕΠΙΣΗΜΟ. Επαληθεύτηκε σε 13/13 τμήματα 1ου πεδίου έναντι ανεξάρτητης άντλησης."
872,17540,1ο,ΑΞΙΩΜΑΤΙΚΩΝ ΕΛΛΗΝΙΚΗΣ ΑΣΤΥΝΟΜΙΑΣ (ΜΟΝΟ ΓΙΑ ΑΣΤΥΝΟΜΙΚΟΥΣ),Μονο Για Αστυνομικους,17370.0,170.0,MIRROR_UNOFFICIAL,BASE_ONLY,"ΜΟΝΟ ΒΑΣΗ. Θέσεις/εισαχθέντες/κενές 2026 ΔΕΝ διαθέσιμα: το data.gov.gr δεν έχει dataset βάσεων 2026 (έλεγχος 7.144 datasets, 05/08/2026). Πηγή: aeitei.gr, mirror υπουργικών αρχείων — ΑΝΕΠΙΣΗΜΟ. Επαληθεύτηκε σε 13/13 τμήματα 1ου πεδίου έναντι ανεξάρτητης άντλησης."
871,17510,1ο,ΑΞΙΩΜΑΤΙΚΩΝ ΠΥΡΟΣΒΕΣΤΙΚΗΣ ΑΚΑΔΗΜΙΑΣ (ΜΟΝΟ ΓΙΑ ΠΥΡΟΣΒΕΣΤΕΣ),Μονο Για Πυροσβεστες,9940.0,7570.0,MIRROR_UNOFFICIAL,BASE_ONLY,"ΜΟΝΟ ΒΑΣΗ. Θέσεις/εισαχθέντες/κενές 2026 ΔΕΝ διαθέσιμα: το data.gov.gr δεν έχει dataset βάσεων 2026 (έλεγχος 7.144 datasets, 05/08/2026). Πηγή: aeitei.gr, mirror υπουργικών αρχείων — ΑΝΕΠΙΣΗΜΟ. Επαληθεύτηκε σε 13/13 τμήματα 1ου πεδίου έναντι ανεξάρτητης άντλησης."
129,17425,1ο,ΑΓΓΛΙΚΗΣ ΓΛΩΣΣΑΣ ΚΑΙ ΦΙΛΟΛΟΓΙΑΣ (ΘΕΣΣΑΛΟΝΙΚΗ),Θεσσαλονίκη,18150.0,-725.0,MIRROR_UNOFFICIAL,BASE_ONLY,"ΜΟΝΟ ΒΑΣΗ. Θέσεις/εισαχθέντες/κενές 2026 ΔΕΝ διαθέσιμα: το data.gov.gr δεν έχει dataset βάσεων 2026 (έλεγχος 7.144 datasets, 05/08/2026). Πηγή: aeitei.gr, mirror υπουργικών αρχείων — ΑΝΕΠΙΣΗΜΟ. Επαληθεύτηκε σε 13/13 τμήματα 1ου πεδίου έναντι ανεξάρτητης άντλησης."
171,17395,1ο,ΨΥΧΟΛΟΓΙΑΣ (ΑΘΗΝΑ) - ΕΚΠΑ,Αθήνα,17475.0,-80.0,MIRROR_UNOFFICIAL,BASE_ONLY,"ΜΟΝΟ ΒΑΣΗ. Θέσεις/εισαχθέντες/κενές 2026 ΔΕΝ διαθέσιμα: το data.gov.gr δεν έχει dataset βάσεων 2026 (έλεγχος 7.144 datasets, 05/08/2026). Πηγή: aeitei.gr, mirror υπουργικών αρχείων — ΑΝΕΠΙΣΗΜΟ. Επαληθεύτηκε σε 13/13 τμήματα 1ου πεδίου έναντι ανεξάρτητης άντλησης."
119,17260,1ο,ΝΟΜΙΚΗΣ (ΘΕΣΣΑΛΟΝΙΚΗ),Θεσσαλονίκη,17280.0,-20.0,MIRROR_UNOFFICIAL,BASE_ONLY,"ΜΟΝΟ ΒΑΣΗ. Θέσεις/εισαχθέντες/κενές 2026 ΔΕΝ διαθέσιμα: το data.gov.gr δεν έχει dataset βάσεων 2026 (έλεγχος 7.144 datasets, 05/08/2026). Πηγή: aeitei.gr, mirror υπουργικών αρχείων — ΑΝΕΠΙΣΗΜΟ. Επαληθεύτηκε σε 13/13 τμήματα 1ου πεδίου έναντι ανεξάρτητης άντλησης."
401,17226,1ο,ΕΠΙΣΤΗΜΗΣ ΦΥΣΙΚΗΣ ΑΓΩΓΗΣ ΚΑΙ ΑΘΛΗΤΙΣΜΟΥ (ΑΘΗΝΑ),Αθήνα,17399.0,-173.0,MIRROR_UNOFFICIAL,BASE_ONLY,"ΜΟΝΟ ΒΑΣΗ. Θέσεις/εισαχθέντες/κενές 2026 ΔΕΝ διαθέσιμα: το data.gov.gr δεν έχει dataset βάσεων 2026 (έλεγχος 7.144 datasets, 05/08/2026). Πηγή: aeitei.gr, mirror υπουργικών αρχείων — ΑΝΕΠΙΣΗΜΟ. Επαληθεύτηκε σε 13/13 τμήματα 1ου πεδίου έναντι ανεξάρτητης άντλησης."
170,17080,1ο,ΨΥΧΟΛΟΓΙΑΣ (ΑΘΗΝΑ) - ΠΑΝΤΕΙΟ,Αθήνα,17100.0,-20.0,MIRROR_UNOFFICIAL,BASE_ONLY,"ΜΟΝΟ ΒΑΣΗ. Θέσεις/εισαχθέντες/κενές 2026 ΔΕΝ διαθέσιμα: το data.gov.gr δεν έχει dataset βάσεων 2026 (έλεγχος 7.144 datasets, 05/08/2026). Πηγή: aeitei.gr, mirror υπουργικών αρχείων — ΑΝΕΠΙΣΗΜΟ. Επαληθεύτηκε σε 13/13 τμήματα 1ου πεδίου έναντι ανεξάρτητης άντλησης."
403,17060,1ο,ΕΠΙΣΤΗΜΗΣ ΦΥΣΙΚΗΣ ΑΓΩΓΗΣ ΚΑΙ ΑΘΛΗΤΙΣΜΟΥ (ΘΕΣΣΑΛΟΝΙΚΗ),Θεσσαλονίκη,17161.0,-101.0,MIRROR_UNOFFICIAL,BASE_ONLY,"ΜΟΝΟ ΒΑΣΗ. Θέσεις/εισαχθέντες/κενές 2026 ΔΕΝ διαθέσιμα: το data.gov.gr δεν έχει dataset βάσεων 2026 (έλεγχος 7.144 datasets, 05/08/2026). Πηγή: aeitei.gr, mirror υπουργικών αρχείων — ΑΝΕΠΙΣΗΜΟ. Επαληθεύτηκε σε 13/13 τμήματα 1ου πεδίου έναντι ανεξάρτητης άντλησης."
172,17040,1ο,ΨΥΧΟΛΟΓΙΑΣ (ΘΕΣΣΑΛΟΝΙΚΗ),Θεσσαλονίκη,17150.0,-110.0,MIRROR_UNOFFICIAL,BASE_ONLY,"ΜΟΝΟ ΒΑΣΗ. Θέσεις/εισαχθέντες/κενές 2026 ΔΕΝ διαθέσιμα: το data.gov.gr δεν έχει dataset βάσεων 2026 (έλεγχος 7.144 datasets, 05/08/2026). Πηγή: aeitei.gr, mirror υπουργικών αρχείων — ΑΝΕΠΙΣΗΜΟ. Επαληθεύτηκε σε 13/13 τμήματα 1ου πεδίου έναντι ανεξάρτητης άντλησης."
881,16870,1ο,ΣΧΟΛΗ ΔΟΚΙΜΩΝ ΣΗΜΑΙΟΦΟΡΩΝ ΛΙΜΕΝΙΚΟΥ ΣΩΜΑΤΟΣ - ΕΛΛΗΝΙΚΗΣ ΑΚΤΟΦΥΛΑΚΗΣ (Σ.Δ.Σ.Λ.Σ. - ΕΛ.ΑΚΤ.) (ΜΟΝΟ ΓΙΑ ΠΟΛΙΤΕΣ),Σ.Δ.Σ.Λ.Σ. - Ελ.Ακτ.,16650.0,220.0,MIRROR_UNOFFICIAL,BASE_ONLY,"ΜΟΝΟ ΒΑΣΗ. Θέσεις/εισαχθέντες/κενές 2026 ΔΕΝ διαθέσιμα: το data.gov.gr δεν έχει dataset βάσεων 2026 (έλεγχος 7.144 datasets, 05/08/2026). Πηγή: aeitei.gr, mirror υπουργικών αρχείων — ΑΝΕΠΙΣΗΜΟ. Επαληθεύτηκε σε 13/13 τμήματα 1ου πεδίου έναντι ανεξάρτητης άντλησης."
179,16860,1ο,"ΔΙΕΘΝΩΝ ΚΑΙ ΕΥΡΩΠΑΪΚΩΝ ΣΠΟΥΔΩΝ (ΑΘΗΝΑ) (Μετονομασία του Τμήματος ΔΙΕΘΝΩΝ, ΕΥΡΩΠΑΪΚΩΝ ΚΑΙ ΠΕΡΙΦΕΡΕΙΑΚΩΝ ΣΠΟΥΔΩΝ)",Αθήνα,17040.0,-180.0,MIRROR_UNOFFICIAL,BASE_ONLY,"ΜΟΝΟ ΒΑΣΗ. Θέσεις/εισαχθέντες/κενές 2026 ΔΕΝ διαθέσιμα: το data.gov.gr δεν έχει dataset βάσεων 2026 (έλεγχος 7.144 datasets, 05/08/2026). Πηγή: aeitei.gr, mirror υπουργικών αρχείων — ΑΝΕΠΙΣΗΜΟ. Επαληθεύτηκε σε 13/13 τμήματα 1ου πεδίου έναντι ανεξάρτητης άντλησης."
147,16840,1ο,ΔΗΜΟΣΙΟΓΡΑΦΙΑΣ ΚΑΙ ΜΕΣΩΝ ΜΑΖΙΚΗΣ ΕΠΙΚΟΙΝΩΝΙΑΣ (ΘΕΣΣΑΛΟΝΙΚΗ),Θεσσαλονίκη,16860.0,-20.0,MIRROR_UNOFFICIAL,BASE_ONLY,"ΜΟΝΟ ΒΑΣΗ. Θέσεις/εισαχθέντες/κενές 2026 ΔΕΝ διαθέσιμα: το data.gov.gr δεν έχει dataset βάσεων 2026 (έλεγχος 7.144 datasets, 05/08/2026). Πηγή: aeitei.gr, mirror υπουργικών αρχείων — ΑΝΕΠΙΣΗΜΟ. Επαληθεύτηκε σε 13/13 τμήματα 1ου πεδίου έναντι ανεξάρτητης άντλησης."
121,16700,1ο,ΝΟΜΙΚΗΣ (ΚΟΜΟΤΗΝΗ),Κομοτηνή,16725.0,-25.0,MIRROR_UNOFFICIAL,BASE_ONLY,"ΜΟΝΟ ΒΑΣΗ. Θέσεις/εισαχθέντες/κενές 2026 ΔΕΝ διαθέσιμα: το data.gov.gr δεν έχει dataset βάσεων 2026 (έλεγχος 7.144 datasets, 05/08/2026). Πηγή: aeitei.gr, mirror υπουργικών αρχείων — ΑΝΕΠΙΣΗΜΟ. Επαληθεύτηκε σε 13/13 τμήματα 1ου πεδίου έναντι ανεξάρτητης άντλησης."
1251,16595,1ο,ΨΥΧΟΛΟΓΙΑΣ (ΙΩΑΝΝΙΝΑ),Ιωάννινα,16575.0,20.0,MIRROR_UNOFFICIAL,BASE_ONLY,"ΜΟΝΟ ΒΑΣΗ. Θέσεις/εισαχθέντες/κενές 2026 ΔΕΝ διαθέσιμα: το data.gov.gr δεν έχει dataset βάσεων 2026 (έλεγχος 7.144 datasets, 05/08/2026). Πηγή: aeitei.gr, mirror υπουργικών αρχείων — ΑΝΕΠΙΣΗΜΟ. Επαληθεύτηκε σε 13/13 τμήματα 1ου πεδίου έναντι ανεξάρτητης άντλησης."
127,16430,1ο,ΑΓΓΛΙΚΗΣ ΓΛΩΣΣΑΣ ΚΑΙ ΦΙΛΟΛΟΓΙΑΣ (ΑΘΗΝΑ),Αθήνα,17355.0,-925.0,MIRROR_UNOFFICIAL,BASE_ONLY,"ΜΟΝΟ ΒΑΣΗ. Θέσεις/εισαχθέντες/κενές 2026 ΔΕΝ διαθέσιμα: το data.gov.gr δεν έχει dataset βάσεων 2026 (έλεγχος 7.144 datasets, 05/08/2026). Πηγή: aeitei.gr, mirror υπουργικών αρχείων — ΑΝΕΠΙΣΗΜΟ. Επαληθεύτηκε σε 13/13 τμήματα 1ου πεδίου έναντι ανεξάρτητης άντλησης."
151,16085,1ο,ΨΥΧΟΛΟΓΙΑΣ (ΡΕΘΥΜΝΟ),Ρέθυμνο,16165.0,-80.0,MIRROR_UNOFFICIAL,BASE_ONLY,"ΜΟΝΟ ΒΑΣΗ. Θέσεις/εισαχθέντες/κενές 2026 ΔΕΝ διαθέσιμα: το data.gov.gr δεν έχει dataset βάσεων 2026 (έλεγχος 7.144 datasets, 05/08/2026). Πηγή: aeitei.gr, mirror υπουργικών αρχείων — ΑΝΕΠΙΣΗΜΟ. Επαληθεύτηκε σε 13/13 τμήματα 1ου πεδίου έναντι ανεξάρτητης άντλησης."
148,16070,1ο,ΕΠΙΚΟΙΝΩΝΙΑΣ ΚΑΙ ΜΕΣΩΝ ΜΑΖΙΚΗΣ ΕΝΗΜΕΡΩΣΗΣ (ΑΘΗΝΑ),Αθήνα,16110.0,-40.0,MIRROR_UNOFFICIAL,BASE_ONLY,"ΜΟΝΟ ΒΑΣΗ. Θέσεις/εισαχθέντες/κενές 2026 ΔΕΝ διαθέσιμα: το data.gov.gr δεν έχει dataset βάσεων 2026 (έλεγχος 7.144 datasets, 05/08/2026). Πηγή: aeitei.gr, mirror υπουργικών αρχείων — ΑΝΕΠΙΣΗΜΟ. Επαληθεύτηκε σε 13/13 τμήματα 1ου πεδίου έναντι ανεξάρτητης άντλησης."
128,15950,1ο,ΠΑΙΔΑΓΩΓΙΚΟ ΔΗΜΟΤΙΚΗΣ ΕΚΠΑΙΔΕΥΣΗΣ (ΑΘΗΝΑ),Αθήνα,16250.0,-300.0,MIRROR_UNOFFICIAL,BASE_ONLY,"ΜΟΝΟ ΒΑΣΗ. Θέσεις/εισαχθέντες/κενές 2026 ΔΕΝ διαθέσιμα: το data.gov.gr δεν έχει dataset βάσεων 2026 (έλεγχος 7.144 datasets, 05/08/2026). Πηγή: aeitei.gr, mirror υπουργικών αρχείων — ΑΝΕΠΙΣΗΜΟ. Επαληθεύτηκε σε 13/13 τμήματα 1ου πεδίου έναντι ανεξάρτητης άντλησης."
1550,15915,1ο,ΨΥΧΟΛΟΓΙΑΣ (ΦΛΩΡΙΝΑ),Φλώρινα,15905.0,10.0,MIRROR_UNOFFICIAL,BASE_ONLY,"ΜΟΝΟ ΒΑΣΗ. Θέσεις/εισαχθέντες/κενές 2026 ΔΕΝ διαθέσιμα: το data.gov.gr δεν έχει dataset βάσεων 2026 (έλεγχος 7.144 datasets, 05/08/2026). Πηγή: aeitei.gr, mirror υπουργικών αρχείων — ΑΝΕΠΙΣΗΜΟ. Επαληθεύτηκε σε 13/13 τμήματα 1ου πεδίου έναντι ανεξάρτητης άντλησης."
140,15800,1ο,ΠΑΙΔΑΓΩΓΙΚΟ ΔΗΜΟΤΙΚΗΣ ΕΚΠΑΙΔΕΥΣΗΣ (ΘΕΣΣΑΛΟΝΙΚΗ),Θεσσαλονίκη,15950.0,-150.0,MIRROR_UNOFFICIAL,BASE_ONLY,"ΜΟΝΟ ΒΑΣΗ. Θέσεις/εισαχθέντες/κενές 2026 ΔΕΝ διαθέσιμα: το data.gov.gr δεν έχει dataset βάσεων 2026 (έλεγχος 7.144 datasets, 05/08/2026). Πηγή: aeitei.gr, mirror υπουργικών αρχείων — ΑΝΕΠΙΣΗΜΟ. Επαληθεύτηκε σε 13/13 τμήματα 1ου πεδίου έναντι ανεξάρτητης άντλησης."
409,15540,1ο,ΜΟΥΣΙΚΗΣ ΕΠΙΣΤΗΜΗΣ ΚΑΙ ΤΕΧΝΗΣ (ΘΕΣΣΑΛΟΝΙΚΗ),Θεσσαλονίκη,15600.0,-60.0,MIRROR_UNOFFICIAL,BASE_ONLY,"ΜΟΝΟ ΒΑΣΗ. Θέσεις/εισαχθέντες/κενές 2026 ΔΕΝ διαθέσιμα: το data.gov.gr δεν έχει dataset βάσεων 2026 (έλεγχος 7.144 datasets, 05/08/2026). Πηγή: aeitei.gr, mirror υπουργικών αρχείων — ΑΝΕΠΙΣΗΜΟ. Επαληθεύτηκε σε 13/13 τμήματα 1ου πεδίου έναντι ανεξάρτητης άντλησης."
405,15470,1ο,ΕΠΙΣΤΗΜΗΣ ΦΥΣΙΚΗΣ ΑΓΩΓΗΣ ΚΑΙ ΑΘΛΗΤΙΣΜΟΥ (ΤΡΙΚΑΛΑ),Τρίκαλα,15134.0,336.0,MIRROR_UNOFFICIAL,BASE_ONLY,"ΜΟΝΟ ΒΑΣΗ. Θέσεις/εισαχθέντες/κενές 2026 ΔΕΝ διαθέσιμα: το data.gov.gr δεν έχει dataset βάσεων 2026 (έλεγχος 7.144 datasets, 05/08/2026). Πηγή: aeitei.gr, mirror υπουργικών αρχείων — ΑΝΕΠΙΣΗΜΟ. Επαληθεύτηκε σε 13/13 τμήματα 1ου πεδίου έναντι ανεξάρτητης άντλησης."
1668,15425,1ο,ΨΥΧΟΛΟΓΙΑΣ (ΔΙΔΥΜΟΤΕΙΧΟ),Διδυμότειχο,15450.0,-25.0,MIRROR_UNOFFICIAL,BASE_ONLY,"ΜΟΝΟ ΒΑΣΗ. Θέσεις/εισαχθέντες/κενές 2026 ΔΕΝ διαθέσιμα: το data.gov.gr δεν έχει dataset βάσεων 2026 (έλεγχος 7.144 datasets, 05/08/2026). Πηγή: aeitei.gr, mirror υπουργικών αρχείων — ΑΝΕΠΙΣΗΜΟ. Επαληθεύτηκε σε 13/13 τμήματα 1ου πεδίου έναντι ανεξάρτητης άντλησης."
671,15420,1ο,ΚΟΙΝΩΝΙΚΗΣ ΕΡΓΑΣΙΑΣ (ΑΙΓΑΛΕΩ),Αιγάλεω,15420.0,0.0,MIRROR_UNOFFICIAL,BASE_ONLY,"ΜΟΝΟ ΒΑΣΗ. Θέσεις/εισαχθέντες/κενές 2026 ΔΕΝ διαθέσιμα: το data.gov.gr δεν έχει dataset βάσεων 2026 (έλεγχος 7.144 datasets, 05/08/2026). Πηγή: aeitei.gr, mirror υπουργικών αρχείων — ΑΝΕΠΙΣΗΜΟ. Επαληθεύτηκε σε 13/13 τμήματα 1ου πεδίου έναντι ανεξάρτητης άντλησης."
153,15330,1ο,"ΕΠΙΚΟΙΝΩΝΙΑΣ, ΜΕΣΩΝ ΚΑΙ ΠΟΛΙΤΙΣΜΟΥ (ΑΘΗΝΑ)",Αθήνα,15150.0,180.0,MIRROR_UNOFFICIAL,BASE_ONLY,"ΜΟΝΟ ΒΑΣΗ. Θέσεις/εισαχθέντες/κενές 2026 ΔΕΝ διαθέσιμα: το data.gov.gr δεν έχει dataset βάσεων 2026 (έλεγχος 7.144 datasets, 05/08/2026). Πηγή: aeitei.gr, mirror υπουργικών αρχείων — ΑΝΕΠΙΣΗΜΟ. Επαληθεύτηκε σε 13/13 τμήματα 1ου πεδίου έναντι ανεξάρτητης άντλησης."
408,15150,1ο,ΜΟΥΣΙΚΩΝ ΣΠΟΥΔΩΝ (ΑΘΗΝΑ),Αθήνα,15050.0,100.0,MIRROR_UNOFFICIAL,BASE_ONLY,"ΜΟΝΟ ΒΑΣΗ. Θέσεις/εισαχθέντες/κενές 2026 ΔΕΝ διαθέσιμα: το data.gov.gr δεν έχει dataset βάσεων 2026 (έλεγχος 7.144 datasets, 05/08/2026). Πηγή: aeitei.gr, mirror υπουργικών αρχείων — ΑΝΕΠΙΣΗΜΟ. Επαληθεύτηκε σε 13/13 τμήματα 1ου πεδίου έναντι ανεξάρτητης άντλησης."
876,15130,1ο,ΣΧΟΛΗ ΠΥΡΟΣΒΕΣΤΩΝ (ΜΟΝΟ ΓΙΑ ΠΟΛΙΤΕΣ),Μονο Για Πολιτες,14460.0,670.0,MIRROR_UNOFFICIAL,BASE_ONLY,"ΜΟΝΟ ΒΑΣΗ. Θέσεις/εισαχθέντες/κενές 2026 ΔΕΝ διαθέσιμα: το data.gov.gr δεν έχει dataset βάσεων 2026 (έλεγχος 7.144 datasets, 05/08/2026). Πηγή: aeitei.gr, mirror υπουργικών αρχείων — ΑΝΕΠΙΣΗΜΟ. Επαληθεύτηκε σε 13/13 τμήματα 1ου πεδίου έναντι ανεξάρτητης άντλησης."
154,14800,1ο,ΕΚΠΑΙΔΕΥΣΗΣ ΚΑΙ ΑΓΩΓΗΣ ΣΤΗΝ ΠΡΟΣΧΟΛΙΚΗ ΗΛΙΚΙΑ (ΑΘΗΝΑ),Αθήνα,14800.0,0.0,MIRROR_UNOFFICIAL,BASE_ONLY,"ΜΟΝΟ ΒΑΣΗ. Θέσεις/εισαχθέντες/κενές 2026 ΔΕΝ διαθέσιμα: το data.gov.gr δεν έχει dataset βάσεων 2026 (έλεγχος 7.144 datasets, 05/08/2026). Πηγή: aeitei.gr, mirror υπουργικών αρχείων — ΑΝΕΠΙΣΗΜΟ. Επαληθεύτηκε σε 13/13 τμήματα 1ου πεδίου έναντι ανεξάρτητης άντλησης."
357,14730,1ο,ΠΟΛΙΤΙΚΩΝ ΕΠΙΣΤΗΜΩΝ (ΘΕΣΣΑΛΟΝΙΚΗ),Θεσσαλονίκη,14410.0,320.0,MIRROR_UNOFFICIAL,BASE_ONLY,"ΜΟΝΟ ΒΑΣΗ. Θέσεις/εισαχθέντες/κενές 2026 ΔΕΝ διαθέσιμα: το data.gov.gr δεν έχει dataset βάσεων 2026 (έλεγχος 7.144 datasets, 05/08/2026). Πηγή: aeitei.gr, mirror υπουργικών αρχείων — ΑΝΕΠΙΣΗΜΟ. Επαληθεύτηκε σε 13/13 τμήματα 1ου πεδίου έναντι ανεξάρτητης άντλησης."
123,14650,1ο,ΠΟΛΙΤΙΚΗΣ ΕΠΙΣΤΗΜΗΣ ΚΑΙ ΔΗΜΟΣΙΑΣ ΔΙΟΙΚΗΣΗΣ (ΑΘΗΝΑ),Αθήνα,14430.0,220.0,MIRROR_UNOFFICIAL,BASE_ONLY,"ΜΟΝΟ ΒΑΣΗ. Θέσεις/εισαχθέντες/κενές 2026 ΔΕΝ διαθέσιμα: το data.gov.gr δεν έχει dataset βάσεων 2026 (έλεγχος 7.144 datasets, 05/08/2026). Πηγή: aeitei.gr, mirror υπουργικών αρχείων — ΑΝΕΠΙΣΗΜΟ. Επαληθεύτηκε σε 13/13 τμήματα 1ου πεδίου έναντι ανεξάρτητης άντλησης."
164,14550,1ο,ΠΑΙΔΑΓΩΓΙΚΟ ΔΗΜΟΤΙΚΗΣ ΕΚΠΑΙΔΕΥΣΗΣ (ΒΟΛΟΣ),Βόλος,15125.0,-575.0,MIRROR_UNOFFICIAL,BASE_ONLY,"ΜΟΝΟ ΒΑΣΗ. Θέσεις/εισαχθέντες/κενές 2026 ΔΕΝ διαθέσιμα: το data.gov.gr δεν έχει dataset βάσεων 2026 (έλεγχος 7.144 datasets, 05/08/2026). Πηγή: aeitei.gr, mirror υπουργικών αρχείων — ΑΝΕΠΙΣΗΜΟ. Επαληθεύτηκε σε 13/13 τμήματα 1ου πεδίου έναντι ανεξάρτητης άντλησης."
1286,14380,1ο,ΕΠΙΣΤΗΜΩΝ ΤΗΣ ΕΚΠΑΙΔΕΥΣΗΣ ΚΑΙ ΚΟΙΝΩΝΙΚΗΣ ΕΡΓΑΣΙΑΣ (ΠΑΤΡΑ),Πάτρα,14422.0,-42.0,MIRROR_UNOFFICIAL,BASE_ONLY,"ΜΟΝΟ ΒΑΣΗ. Θέσεις/εισαχθέντες/κενές 2026 ΔΕΝ διαθέσιμα: το data.gov.gr δεν έχει dataset βάσεων 2026 (έλεγχος 7.144 datasets, 05/08/2026). Πηγή: aeitei.gr, mirror υπουργικών αρχείων — ΑΝΕΠΙΣΗΜΟ. Επαληθεύτηκε σε 13/13 τμήματα 1ου πεδίου έναντι ανεξάρτητης άντλησης."
385,14360,1ο,ΞΕΝΩΝ ΓΛΩΣΣΩΝ ΜΕΤΑΦΡΑΣΗΣ ΚΑΙ ΔΙΕΡΜΗΝΕΙΑΣ (ΚΕΡΚΥΡΑ),Κέρκυρα,14300.0,60.0,MIRROR_UNOFFICIAL,BASE_ONLY,"ΜΟΝΟ ΒΑΣΗ. Θέσεις/εισαχθέντες/κενές 2026 ΔΕΝ διαθέσιμα: το data.gov.gr δεν έχει dataset βάσεων 2026 (έλεγχος 7.144 datasets, 05/08/2026). Πηγή: aeitei.gr, mirror υπουργικών αρχείων — ΑΝΕΠΙΣΗΜΟ. Επαληθεύτηκε σε 13/13 τμήματα 1ου πεδίου έναντι ανεξάρτητης άντλησης."
134,14175,1ο,ΕΠΙΣΤΗΜΩΝ ΠΡΟΣΧΟΛΙΚΗΣ ΑΓΩΓΗΣ ΚΑΙ ΕΚΠΑΙΔΕΥΣΗΣ (ΘΕΣΣΑΛΟΝΙΚΗ),Θεσσαλονίκη,13875.0,300.0,MIRROR_UNOFFICIAL,BASE_ONLY,"ΜΟΝΟ ΒΑΣΗ. Θέσεις/εισαχθέντες/κενές 2026 ΔΕΝ διαθέσιμα: το data.gov.gr δεν έχει dataset βάσεων 2026 (έλεγχος 7.144 datasets, 05/08/2026). Πηγή: aeitei.gr, mirror υπουργικών αρχείων — ΑΝΕΠΙΣΗΜΟ. Επαληθεύτηκε σε 13/13 τμήματα 1ου πεδίου έναντι ανεξάρτητης άντλησης."
1301,14170,1ο,ΚΟΙΝΩΝΙΚΗΣ ΕΡΓΑΣΙΑΣ (ΚΟΜΟΤΗΝΗ),Κομοτηνή,14640.0,-470.0,MIRROR_UNOFFICIAL,BASE_ONLY,"ΜΟΝΟ ΒΑΣΗ. Θέσεις/εισαχθέντες/κενές 2026 ΔΕΝ διαθέσιμα: το data.gov.gr δεν έχει dataset βάσεων 2026 (έλεγχος 7.144 datasets, 05/08/2026). Πηγή: aeitei.gr, mirror υπουργικών αρχείων — ΑΝΕΠΙΣΗΜΟ. Επαληθεύτηκε σε 13/13 τμήματα 1ου πεδίου έναντι ανεξάρτητης άντλησης."
406,14150,1ο,ΜΟΥΣΙΚΩΝ ΣΠΟΥΔΩΝ (ΘΕΣΣΑΛΟΝΙΚΗ),Θεσσαλονίκη,14590.0,-440.0,MIRROR_UNOFFICIAL,BASE_ONLY,"ΜΟΝΟ ΒΑΣΗ. Θέσεις/εισαχθέντες/κενές 2026 ΔΕΝ διαθέσιμα: το data.gov.gr δεν έχει dataset βάσεων 2026 (έλεγχος 7.144 datasets, 05/08/2026). Πηγή: aeitei.gr, mirror υπουργικών αρχείων — ΑΝΕΠΙΣΗΜΟ. Επαληθεύτηκε σε 13/13 τμήματα 1ου πεδίου έναντι ανεξάρτητης άντλησης."
130,14100,1ο,ΠΑΙΔΑΓΩΓΙΚΟ ΔΗΜΟΤΙΚΗΣ ΕΚΠΑΙΔΕΥΣΗΣ (ΙΩΑΝΝΙΝΑ),Ιωάννινα,14575.0,-475.0,MIRROR_UNOFFICIAL,BASE_ONLY,"ΜΟΝΟ ΒΑΣΗ. Θέσεις/εισαχθέντες/κενές 2026 ΔΕΝ διαθέσιμα: το data.gov.gr δεν έχει dataset βάσεων 2026 (έλεγχος 7.144 datasets, 05/08/2026). Πηγή: aeitei.gr, mirror υπουργικών αρχείων — ΑΝΕΠΙΣΗΜΟ. Επαληθεύτηκε σε 13/13 τμήματα 1ου πεδίου έναντι ανεξάρτητης άντλησης."
882,13970,1ο,ΣΧΟΛΗ ΔΟΚΙΜΩΝ ΛΙΜΕΝΟΦΥΛΑΚΩΝ (ΜΟΝΟ ΓΙΑ ΠΟΛΙΤΕΣ),Μονο Για Πολιτες,13970.0,0.0,MIRROR_UNOFFICIAL,BASE_ONLY,"ΜΟΝΟ ΒΑΣΗ. Θέσεις/εισαχθέντες/κενές 2026 ΔΕΝ διαθέσιμα: το data.gov.gr δεν έχει dataset βάσεων 2026 (έλεγχος 7.144 datasets, 05/08/2026). Πηγή: aeitei.gr, mirror υπουργικών αρχείων — ΑΝΕΠΙΣΗΜΟ. Επαληθεύτηκε σε 13/13 τμήματα 1ου πεδίου έναντι ανεξάρτητης άντλησης."
126,13640,1ο,ΚΟΙΝΩΝΙΟΛΟΓΙΑΣ (ΑΘΗΝΑ) - ΠΑΝΤΕΙΟ,Αθήνα,13860.0,-220.0,MIRROR_UNOFFICIAL,BASE_ONLY,"ΜΟΝΟ ΒΑΣΗ. Θέσεις/εισαχθέντες/κενές 2026 ΔΕΝ διαθέσιμα: το data.gov.gr δεν έχει dataset βάσεων 2026 (έλεγχος 7.144 datasets, 05/08/2026). Πηγή: aeitei.gr, mirror υπουργικών αρχείων — ΑΝΕΠΙΣΗΜΟ. Επαληθεύτηκε σε 13/13 τμήματα 1ου πεδίου έναντι ανεξάρτητης άντλησης."
413,13555,1ο,ΠΡΟΓΡΑΜΜΑ ΙΕΡΑΤΙΚΩΝ ΣΠΟΥΔΩΝ ΑΘΗΝΑΣ,,9130.0,4425.0,MIRROR_UNOFFICIAL,BASE_ONLY,"ΜΟΝΟ ΒΑΣΗ. Θέσεις/εισαχθέντες/κενές 2026 ΔΕΝ διαθέσιμα: το data.gov.gr δεν έχει dataset βάσεων 2026 (έλεγχος 7.144 datasets, 05/08/2026). Πηγή: aeitei.gr, mirror υπουργικών αρχείων — ΑΝΕΠΙΣΗΜΟ. Επαληθεύτηκε σε 13/13 τμήματα 1ου πεδίου έναντι ανεξάρτητης άντλησης."
174,13450,1ο,ΕΚΠΑΙΔΕΥΤΙΚΗΣ ΚΑΙ ΚΟΙΝΩΝΙΚΗΣ ΠΟΛΙΤΙΚΗΣ (ΘΕΣΣΑΛΟΝΙΚΗ),Θεσσαλονίκη,13550.0,-100.0,MIRROR_UNOFFICIAL,BASE_ONLY,"ΜΟΝΟ ΒΑΣΗ. Θέσεις/εισαχθέντες/κενές 2026 ΔΕΝ διαθέσιμα: το data.gov.gr δεν έχει dataset βάσεων 2026 (έλεγχος 7.144 datasets, 05/08/2026). Πηγή: aeitei.gr, mirror υπουργικών αρχείων — ΑΝΕΠΙΣΗΜΟ. Επαληθεύτηκε σε 13/13 τμήματα 1ου πεδίου έναντι ανεξάρτητης άντλησης."
402,13440,1ο,ΕΠΙΣΤΗΜΗΣ ΦΥΣΙΚΗΣ ΑΓΩΓΗΣ ΚΑΙ ΑΘΛΗΤΙΣΜΟΥ (ΣΕΡΡΕΣ),Σέρρες,13729.0,-289.0,MIRROR_UNOFFICIAL,BASE_ONLY,"ΜΟΝΟ ΒΑΣΗ. Θέσεις/εισαχθέντες/κενές 2026 ΔΕΝ διαθέσιμα: το data.gov.gr δεν έχει dataset βάσεων 2026 (έλεγχος 7.144 datasets, 05/08/2026). Πηγή: aeitei.gr, mirror υπουργικών αρχείων — ΑΝΕΠΙΣΗΜΟ. Επαληθεύτηκε σε 13/13 τμήματα 1ου πεδίου έναντι ανεξάρτητης άντλησης."
404,13425,1ο,ΕΠΙΣΤΗΜΗΣ ΦΥΣΙΚΗΣ ΑΓΩΓΗΣ ΚΑΙ ΑΘΛΗΤΙΣΜΟΥ (ΚΟΜΟΤΗΝΗ),Κομοτηνή,13219.0,206.0,MIRROR_UNOFFICIAL,BASE_ONLY,"ΜΟΝΟ ΒΑΣΗ. Θέσεις/εισαχθέντες/κενές 2026 ΔΕΝ διαθέσιμα: το data.gov.gr δεν έχει dataset βάσεων 2026 (έλεγχος 7.144 datasets, 05/08/2026). Πηγή: aeitei.gr, mirror υπουργικών αρχείων — ΑΝΕΠΙΣΗΜΟ. Επαληθεύτηκε σε 13/13 τμήματα 1ου πεδίου έναντι ανεξάρτητης άντλησης."
1652,13425,1ο,ΚΟΙΝΩΝΙΚΗΣ ΕΡΓΑΣΙΑΣ (ΗΡΑΚΛΕΙΟ),Ηράκλειο,13500.0,-75.0,MIRROR_UNOFFICIAL,BASE_ONLY,"ΜΟΝΟ ΒΑΣΗ. Θέσεις/εισαχθέντες/κενές 2026 ΔΕΝ διαθέσιμα: το data.gov.gr δεν έχει dataset βάσεων 2026 (έλεγχος 7.144 datasets, 05/08/2026). Πηγή: aeitei.gr, mirror υπουργικών αρχείων — ΑΝΕΠΙΣΗΜΟ. Επαληθεύτηκε σε 13/13 τμήματα 1ου πεδίου έναντι ανεξάρτητης άντλησης."
124,13125,1ο,ΔΗΜΟΣΙΑΣ ΔΙΟΙΚΗΣΗΣ (ΑΘΗΝΑ),Αθήνα,13075.0,50.0,MIRROR_UNOFFICIAL,BASE_ONLY,"ΜΟΝΟ ΒΑΣΗ. Θέσεις/εισαχθέντες/κενές 2026 ΔΕΝ διαθέσιμα: το data.gov.gr δεν έχει dataset βάσεων 2026 (έλεγχος 7.144 datasets, 05/08/2026). Πηγή: aeitei.gr, mirror υπουργικών αρχείων — ΑΝΕΠΙΣΗΜΟ. Επαληθεύτηκε σε 13/13 τμήματα 1ου πεδίου έναντι ανεξάρτητης άντλησης."
673,13120,1ο,ΑΓΩΓΗΣ ΚΑΙ ΦΡΟΝΤΙΔΑΣ ΣΤΗΝ ΠΡΩΙΜΗ ΠΑΙΔΙΚΗ ΗΛΙΚΙΑ (ΑΙΓΑΛΕΩ),Αιγάλεω,13120.0,0.0,MIRROR_UNOFFICIAL,BASE_ONLY,"ΜΟΝΟ ΒΑΣΗ. Θέσεις/εισαχθέντες/κενές 2026 ΔΕΝ διαθέσιμα: το data.gov.gr δεν έχει dataset βάσεων 2026 (έλεγχος 7.144 datasets, 05/08/2026). Πηγή: aeitei.gr, mirror υπουργικών αρχείων — ΑΝΕΠΙΣΗΜΟ. Επαληθεύτηκε σε 13/13 τμήματα 1ου πεδίου έναντι ανεξάρτητης άντλησης."
1006,13110,1ο,ΚΟΙΝΩΝΙΟΛΟΓΙΑΣ (ΑΘΗΝΑ) - ΕΚΠΑ,Αθήνα,13270.0,-160.0,MIRROR_UNOFFICIAL,BASE_ONLY,"ΜΟΝΟ ΒΑΣΗ. Θέσεις/εισαχθέντες/κενές 2026 ΔΕΝ διαθέσιμα: το data.gov.gr δεν έχει dataset βάσεων 2026 (έλεγχος 7.144 datasets, 05/08/2026). Πηγή: aeitei.gr, mirror υπουργικών αρχείων — ΑΝΕΠΙΣΗΜΟ. Επαληθεύτηκε σε 13/13 τμήματα 1ου πεδίου έναντι ανεξάρτητης άντλησης."
125,12930,1ο,ΠΟΛΙΤΙΚΗΣ ΕΠΙΣΤΗΜΗΣ ΚΑΙ ΙΣΤΟΡΙΑΣ (ΑΘΗΝΑ),Αθήνα,12760.0,170.0,MIRROR_UNOFFICIAL,BASE_ONLY,"ΜΟΝΟ ΒΑΣΗ. Θέσεις/εισαχθέντες/κενές 2026 ΔΕΝ διαθέσιμα: το data.gov.gr δεν έχει dataset βάσεων 2026 (έλεγχος 7.144 datasets, 05/08/2026). Πηγή: aeitei.gr, mirror υπουργικών αρχείων — ΑΝΕΠΙΣΗΜΟ. Επαληθεύτηκε σε 13/13 τμήματα 1ου πεδίου έναντι ανεξάρτητης άντλησης."
132,12875,1ο,ΠΑΙΔΑΓΩΓΙΚΟ ΔΗΜΟΤΙΚΗΣ ΕΚΠΑΙΔΕΥΣΗΣ (ΡΕΘΥΜΝΟ),Ρέθυμνο,13375.0,-500.0,MIRROR_UNOFFICIAL,BASE_ONLY,"ΜΟΝΟ ΒΑΣΗ. Θέσεις/εισαχθέντες/κενές 2026 ΔΕΝ διαθέσιμα: το data.gov.gr δεν έχει dataset βάσεων 2026 (έλεγχος 7.144 datasets, 05/08/2026). Πηγή: aeitei.gr, mirror υπουργικών αρχείων — ΑΝΕΠΙΣΗΜΟ. Επαληθεύτηκε σε 13/13 τμήματα 1ου πεδίου έναντι ανεξάρτητης άντλησης."
136,12760,1ο,ΕΠΙΣΤΗΜΩΝ ΤΗΣ ΕΚΠΑΙΔΕΥΣΗΣ ΚΑΙ ΤΗΣ ΑΓΩΓΗΣ ΣΤΗΝ ΠΡΟΣΧΟΛΙΚΗ ΗΛΙΚΙΑ (ΠΑΤΡΑ),Πάτρα,13000.0,-240.0,MIRROR_UNOFFICIAL,BASE_ONLY,"ΜΟΝΟ ΒΑΣΗ. Θέσεις/εισαχθέντες/κενές 2026 ΔΕΝ διαθέσιμα: το data.gov.gr δεν έχει dataset βάσεων 2026 (έλεγχος 7.144 datasets, 05/08/2026). Πηγή: aeitei.gr, mirror υπουργικών αρχείων — ΑΝΕΠΙΣΗΜΟ. Επαληθεύτηκε σε 13/13 τμήματα 1ου πεδίου έναντι ανεξάρτητης άντλησης."
183,12710,1ο,ΙΣΠΑΝΙΚΗΣ ΓΛΩΣΣΑΣ ΚΑΙ ΦΙΛΟΛΟΓΙΑΣ (ΑΘΗΝΑ),Αθήνα,11545.0,1165.0,MIRROR_UNOFFICIAL,BASE_ONLY,"ΜΟΝΟ ΒΑΣΗ. Θέσεις/εισαχθέντες/κενές 2026 ΔΕΝ διαθέσιμα: το data.gov.gr δεν έχει dataset βάσεων 2026 (έλεγχος 7.144 datasets, 05/08/2026). Πηγή: aeitei.gr, mirror υπουργικών αρχείων — ΑΝΕΠΙΣΗΜΟ. Επαληθεύτηκε σε 13/13 τμήματα 1ου πεδίου έναντι ανεξάρτητης άντλησης."
163,12625,1ο,ΚΙΝΗΜΑΤΟΓΡΑΦΟΥ (ΘΕΣΣΑΛΟΝΙΚΗ),Θεσσαλονίκη,13125.0,-500.0,MIRROR_UNOFFICIAL,BASE_ONLY,"ΜΟΝΟ ΒΑΣΗ. Θέσεις/εισαχθέντες/κενές 2026 ΔΕΝ διαθέσιμα: το data.gov.gr δεν έχει dataset βάσεων 2026 (έλεγχος 7.144 datasets, 05/08/2026). Πηγή: aeitei.gr, mirror υπουργικών αρχείων — ΑΝΕΠΙΣΗΜΟ. Επαληθεύτηκε σε 13/13 τμήματα 1ου πεδίου έναντι ανεξάρτητης άντλησης."
334,12430,1ο,ΠΑΙΔΑΓΩΓΙΚΟ ΔΗΜΟΤΙΚΗΣ ΕΚΠΑΙΔΕΥΣΗΣ (ΦΛΩΡΙΝΑ),Φλώρινα,12860.0,-430.0,MIRROR_UNOFFICIAL,BASE_ONLY,"ΜΟΝΟ ΒΑΣΗ. Θέσεις/εισαχθέντες/κενές 2026 ΔΕΝ διαθέσιμα: το data.gov.gr δεν έχει dataset βάσεων 2026 (έλεγχος 7.144 datasets, 05/08/2026). Πηγή: aeitei.gr, mirror υπουργικών αρχείων — ΑΝΕΠΙΣΗΜΟ. Επαληθεύτηκε σε 13/13 τμήματα 1ου πεδίου έναντι ανεξάρτητης άντλησης."
178,12425,1ο,ΠΑΙΔΑΓΩΓΙΚΟ ΕΙΔΙΚΗΣ ΑΓΩΓΗΣ (ΒΟΛΟΣ),Βόλος,13050.0,-625.0,MIRROR_UNOFFICIAL,BASE_ONLY,"ΜΟΝΟ ΒΑΣΗ. Θέσεις/εισαχθέντες/κενές 2026 ΔΕΝ διαθέσιμα: το data.gov.gr δεν έχει dataset βάσεων 2026 (έλεγχος 7.144 datasets, 05/08/2026). Πηγή: aeitei.gr, mirror υπουργικών αρχείων — ΑΝΕΠΙΣΗΜΟ. Επαληθεύτηκε σε 13/13 τμήματα 1ου πεδίου έναντι ανεξάρτητης άντλησης."
159,12410,1ο,ΚΟΙΝΩΝΙΚΗΣ ΠΟΛΙΤΙΚΗΣ (ΑΘΗΝΑ),Αθήνα,12430.0,-20.0,MIRROR_UNOFFICIAL,BASE_ONLY,"ΜΟΝΟ ΒΑΣΗ. Θέσεις/εισαχθέντες/κενές 2026 ΔΕΝ διαθέσιμα: το data.gov.gr δεν έχει dataset βάσεων 2026 (έλεγχος 7.144 datasets, 05/08/2026). Πηγή: aeitei.gr, mirror υπουργικών αρχείων — ΑΝΕΠΙΣΗΜΟ. Επαληθεύτηκε σε 13/13 τμήματα 1ου πεδίου έναντι ανεξάρτητης άντλησης."
142,12400,1ο,ΠΑΙΔΑΓΩΓΙΚΟ ΔΗΜΟΤΙΚΗΣ ΕΚΠΑΙΔΕΥΣΗΣ (ΑΛΕΞΑΝΔΡΟΥΠΟΛΗ),Αλεξανδρούπολη,13000.0,-600.0,MIRROR_UNOFFICIAL,BASE_ONLY,"ΜΟΝΟ ΒΑΣΗ. Θέσεις/εισαχθέντες/κενές 2026 ΔΕΝ διαθέσιμα: το data.gov.gr δεν έχει dataset βάσεων 2026 (έλεγχος 7.144 datasets, 05/08/2026). Πηγή: aeitei.gr, mirror υπουργικών αρχείων — ΑΝΕΠΙΣΗΜΟ. Επαληθεύτηκε σε 13/13 τμήματα 1ου πεδίου έναντι ανεξάρτητης άντλησης."
131,12390,1ο,ΓΑΛΛΙΚΗΣ ΓΛΩΣΣΑΣ ΚΑΙ ΦΙΛΟΛΟΓΙΑΣ (ΑΘΗΝΑ),Αθήνα,11680.0,710.0,MIRROR_UNOFFICIAL,BASE_ONLY,"ΜΟΝΟ ΒΑΣΗ. Θέσεις/εισαχθέντες/κενές 2026 ΔΕΝ διαθέσιμα: το data.gov.gr δεν έχει dataset βάσεων 2026 (έλεγχος 7.144 datasets, 05/08/2026). Πηγή: aeitei.gr, mirror υπουργικών αρχείων — ΑΝΕΠΙΣΗΜΟ. Επαληθεύτηκε σε 13/13 τμήματα 1ου πεδίου έναντι ανεξάρτητης άντλησης."
111,12287,1ο,ΦΙΛΟΛΟΓΙΑΣ (ΘΕΣΣΑΛΟΝΙΚΗ),Θεσσαλονίκη,11127.0,1160.0,MIRROR_UNOFFICIAL,BASE_ONLY,"ΜΟΝΟ ΒΑΣΗ. Θέσεις/εισαχθέντες/κενές 2026 ΔΕΝ διαθέσιμα: το data.gov.gr δεν έχει dataset βάσεων 2026 (έλεγχος 7.144 datasets, 05/08/2026). Πηγή: aeitei.gr, mirror υπουργικών αρχείων — ΑΝΕΠΙΣΗΜΟ. Επαληθεύτηκε σε 13/13 τμήματα 1ου πεδίου έναντι ανεξάρτητης άντλησης."
165,12220,1ο,ΚΟΙΝΩΝΙΚΗΣ ΑΝΘΡΩΠΟΛΟΓΙΑΣ (ΑΘΗΝΑ),Αθήνα,12300.0,-80.0,MIRROR_UNOFFICIAL,BASE_ONLY,"ΜΟΝΟ ΒΑΣΗ. Θέσεις/εισαχθέντες/κενές 2026 ΔΕΝ διαθέσιμα: το data.gov.gr δεν έχει dataset βάσεων 2026 (έλεγχος 7.144 datasets, 05/08/2026). Πηγή: aeitei.gr, mirror υπουργικών αρχείων — ΑΝΕΠΙΣΗΜΟ. Επαληθεύτηκε σε 13/13 τμήματα 1ου πεδίου έναντι ανεξάρτητης άντλησης."
677,12210,1ο,ΦΩΤΟΓΡΑΦΙΑΣ ΚΑΙ ΟΠΤΙΚΟΑΚΟΥΣΤΙΚΩΝ ΤΕΧΝΩΝ (ΑΙΓΑΛΕΩ),Αιγάλεω,11540.0,670.0,MIRROR_UNOFFICIAL,BASE_ONLY,"ΜΟΝΟ ΒΑΣΗ. Θέσεις/εισαχθέντες/κενές 2026 ΔΕΝ διαθέσιμα: το data.gov.gr δεν έχει dataset βάσεων 2026 (έλεγχος 7.144 datasets, 05/08/2026). Πηγή: aeitei.gr, mirror υπουργικών αρχείων — ΑΝΕΠΙΣΗΜΟ. Επαληθεύτηκε σε 13/13 τμήματα 1ου πεδίου έναντι ανεξάρτητης άντλησης."
176,12110,1ο,"ΒΑΛΚΑΝΙΚΩΝ, ΣΛΑΒΙΚΩΝ ΚΑΙ ΑΝΑΤΟΛΙΚΩΝ ΣΠΟΥΔΩΝ (ΘΕΣΣΑΛΟΝΙΚΗ)",Θεσσαλονίκη,12240.0,-130.0,MIRROR_UNOFFICIAL,BASE_ONLY,"ΜΟΝΟ ΒΑΣΗ. Θέσεις/εισαχθέντες/κενές 2026 ΔΕΝ διαθέσιμα: το data.gov.gr δεν έχει dataset βάσεων 2026 (έλεγχος 7.144 datasets, 05/08/2026). Πηγή: aeitei.gr, mirror υπουργικών αρχείων — ΑΝΕΠΙΣΗΜΟ. Επαληθεύτηκε σε 13/13 τμήματα 1ου πεδίου έναντι ανεξάρτητης άντλησης."
166,12075,1ο,ΠΑΙΔΑΓΩΓΙΚΟ ΠΡΟΣΧΟΛΙΚΗΣ ΕΚΠΑΙΔΕΥΣΗΣ (ΒΟΛΟΣ),Βόλος,12425.0,-350.0,MIRROR_UNOFFICIAL,BASE_ONLY,"ΜΟΝΟ ΒΑΣΗ. Θέσεις/εισαχθέντες/κενές 2026 ΔΕΝ διαθέσιμα: το data.gov.gr δεν έχει dataset βάσεων 2026 (έλεγχος 7.144 datasets, 05/08/2026). Πηγή: aeitei.gr, mirror υπουργικών αρχείων — ΑΝΕΠΙΣΗΜΟ. Επαληθεύτηκε σε 13/13 τμήματα 1ου πεδίου έναντι ανεξάρτητης άντλησης."
133,12005,1ο,ΓΑΛΛΙΚΗΣ ΓΛΩΣΣΑΣ ΚΑΙ ΦΙΛΟΛΟΓΙΑΣ (ΘΕΣΣΑΛΟΝΙΚΗ),Θεσσαλονίκη,11715.0,290.0,MIRROR_UNOFFICIAL,BASE_ONLY,"ΜΟΝΟ ΒΑΣΗ. Θέσεις/εισαχθέντες/κενές 2026 ΔΕΝ διαθέσιμα: το data.gov.gr δεν έχει dataset βάσεων 2026 (έλεγχος 7.144 datasets, 05/08/2026). Πηγή: aeitei.gr, mirror υπουργικών αρχείων — ΑΝΕΠΙΣΗΜΟ. Επαληθεύτηκε σε 13/13 τμήματα 1ου πεδίου έναντι ανεξάρτητης άντλησης."
135,11795,1ο,ΓΕΡΜΑΝΙΚΗΣ ΓΛΩΣΣΑΣ ΚΑΙ ΦΙΛΟΛΟΓΙΑΣ (ΑΘΗΝΑ),Αθήνα,11850.0,-55.0,MIRROR_UNOFFICIAL,BASE_ONLY,"ΜΟΝΟ ΒΑΣΗ. Θέσεις/εισαχθέντες/κενές 2026 ΔΕΝ διαθέσιμα: το data.gov.gr δεν έχει dataset βάσεων 2026 (έλεγχος 7.144 datasets, 05/08/2026). Πηγή: aeitei.gr, mirror υπουργικών αρχείων — ΑΝΕΠΙΣΗΜΟ. Επαληθεύτηκε σε 13/13 τμήματα 1ου πεδίου έναντι ανεξάρτητης άντλησης."
137,11750,1ο,ΓΕΡΜΑΝΙΚΗΣ ΓΛΩΣΣΑΣ ΚΑΙ ΦΙΛΟΛΟΓΙΑΣ (ΘΕΣΣΑΛΟΝΙΚΗ),Θεσσαλονίκη,11030.0,720.0,MIRROR_UNOFFICIAL,BASE_ONLY,"ΜΟΝΟ ΒΑΣΗ. Θέσεις/εισαχθέντες/κενές 2026 ΔΕΝ διαθέσιμα: το data.gov.gr δεν έχει dataset βάσεων 2026 (έλεγχος 7.144 datasets, 05/08/2026). Πηγή: aeitei.gr, mirror υπουργικών αρχείων — ΑΝΕΠΙΣΗΜΟ. Επαληθεύτηκε σε 13/13 τμήματα 1ου πεδίου έναντι ανεξάρτητης άντλησης."
411,11730,1ο,ΠΟΛΙΤΙΚΗΣ ΕΠΙΣΤΗΜΗΣ ΚΑΙ ΔΙΕΘΝΩΝ ΣΧΕΣΕΩΝ (ΚΟΡΙΝΘΟΣ),Κόρινθος,11530.0,200.0,MIRROR_UNOFFICIAL,BASE_ONLY,"ΜΟΝΟ ΒΑΣΗ. Θέσεις/εισαχθέντες/κενές 2026 ΔΕΝ διαθέσιμα: το data.gov.gr δεν έχει dataset βάσεων 2026 (έλεγχος 7.144 datasets, 05/08/2026). Πηγή: aeitei.gr, mirror υπουργικών αρχείων — ΑΝΕΠΙΣΗΜΟ. Επαληθεύτηκε σε 13/13 τμήματα 1ου πεδίου έναντι ανεξάρτητης άντλησης."
110,11660,1ο,ΙΣΤΟΡΙΑΣ ΚΑΙ ΑΡΧΑΙΟΛΟΓΙΑΣ (ΑΘΗΝΑ),Αθήνα,11838.0,-178.0,MIRROR_UNOFFICIAL,BASE_ONLY,"ΜΟΝΟ ΒΑΣΗ. Θέσεις/εισαχθέντες/κενές 2026 ΔΕΝ διαθέσιμα: το data.gov.gr δεν έχει dataset βάσεων 2026 (έλεγχος 7.144 datasets, 05/08/2026). Πηγή: aeitei.gr, mirror υπουργικών αρχείων — ΑΝΕΠΙΣΗΜΟ. Επαληθεύτηκε σε 13/13 τμήματα 1ου πεδίου έναντι ανεξάρτητης άντλησης."
156,11640,1ο,ΠΑΙΔΑΓΩΓΙΚΟ ΝΗΠΙΑΓΩΓΩΝ (ΙΩΑΝΝΙΝΑ),Ιωάννινα,11905.0,-265.0,MIRROR_UNOFFICIAL,BASE_ONLY,"ΜΟΝΟ ΒΑΣΗ. Θέσεις/εισαχθέντες/κενές 2026 ΔΕΝ διαθέσιμα: το data.gov.gr δεν έχει dataset βάσεων 2026 (έλεγχος 7.144 datasets, 05/08/2026). Πηγή: aeitei.gr, mirror υπουργικών αρχείων — ΑΝΕΠΙΣΗΜΟ. Επαληθεύτηκε σε 13/13 τμήματα 1ου πεδίου έναντι ανεξάρτητης άντλησης."
139,11640,1ο,ΙΤΑΛΙΚΗΣ ΓΛΩΣΣΑΣ ΚΑΙ ΦΙΛΟΛΟΓΙΑΣ (ΘΕΣΣΑΛΟΝΙΚΗ),Θεσσαλονίκη,12080.0,-440.0,MIRROR_UNOFFICIAL,BASE_ONLY,"ΜΟΝΟ ΒΑΣΗ. Θέσεις/εισαχθέντες/κενές 2026 ΔΕΝ διαθέσιμα: το data.gov.gr δεν έχει dataset βάσεων 2026 (έλεγχος 7.144 datasets, 05/08/2026). Πηγή: aeitei.gr, mirror υπουργικών αρχείων — ΑΝΕΠΙΣΗΜΟ. Επαληθεύτηκε σε 13/13 τμήματα 1ου πεδίου έναντι ανεξάρτητης άντλησης."
1007,11540,1ο,ΠΑΙΔΑΓΩΓΙΚΟ ΔΕΥΤΕΡΟΒΑΘΜΙΑΣ ΕΚΠΑΙΔΕΥΣΗΣ (ΑΘΗΝΑ),Αθήνα,11495.0,45.0,MIRROR_UNOFFICIAL,BASE_ONLY,"ΜΟΝΟ ΒΑΣΗ. Θέσεις/εισαχθέντες/κενές 2026 ΔΕΝ διαθέσιμα: το data.gov.gr δεν έχει dataset βάσεων 2026 (έλεγχος 7.144 datasets, 05/08/2026). Πηγή: aeitei.gr, mirror υπουργικών αρχείων — ΑΝΕΠΙΣΗΜΟ. Επαληθεύτηκε σε 13/13 τμήματα 1ου πεδίου έναντι ανεξάρτητης άντλησης."
870,11470,1ο,ΑΣΤΥΦΥΛΑΚΩΝ (ΜΟΝΟ ΓΙΑ ΠΟΛΙΤΕΣ),Μονο Για Πολιτες,11710.0,-240.0,MIRROR_UNOFFICIAL,BASE_ONLY,"ΜΟΝΟ ΒΑΣΗ. Θέσεις/εισαχθέντες/κενές 2026 ΔΕΝ διαθέσιμα: το data.gov.gr δεν έχει dataset βάσεων 2026 (έλεγχος 7.144 datasets, 05/08/2026). Πηγή: aeitei.gr, mirror υπουργικών αρχείων — ΑΝΕΠΙΣΗΜΟ. Επαληθεύτηκε σε 13/13 τμήματα 1ου πεδίου έναντι ανεξάρτητης άντλησης."
1610,11450,1ο,ΑΓΩΓΗΣ ΚΑΙ ΦΡΟΝΤΙΔΑΣ ΣΤΗΝ ΠΡΩΙΜΗ ΠΑΙΔΙΚΗ ΗΛΙΚΙΑ (ΘΕΣΣΑΛΟΝΙΚΗ),Θεσσαλονίκη,11250.0,200.0,MIRROR_UNOFFICIAL,BASE_ONLY,"ΜΟΝΟ ΒΑΣΗ. Θέσεις/εισαχθέντες/κενές 2026 ΔΕΝ διαθέσιμα: το data.gov.gr δεν έχει dataset βάσεων 2026 (έλεγχος 7.144 datasets, 05/08/2026). Πηγή: aeitei.gr, mirror υπουργικών αρχείων — ΑΝΕΠΙΣΗΜΟ. Επαληθεύτηκε σε 13/13 τμήματα 1ου πεδίου έναντι ανεξάρτητης άντλησης."
182,11420,1ο,ΙΤΑΛΙΚΗΣ ΓΛΩΣΣΑΣ ΚΑΙ ΦΙΛΟΛΟΓΙΑΣ (ΑΘΗΝΑ),Αθήνα,12245.0,-825.0,MIRROR_UNOFFICIAL,BASE_ONLY,"ΜΟΝΟ ΒΑΣΗ. Θέσεις/εισαχθέντες/κενές 2026 ΔΕΝ διαθέσιμα: το data.gov.gr δεν έχει dataset βάσεων 2026 (έλεγχος 7.144 datasets, 05/08/2026). Πηγή: aeitei.gr, mirror υπουργικών αρχείων — ΑΝΕΠΙΣΗΜΟ. Επαληθεύτηκε σε 13/13 τμήματα 1ου πεδίου έναντι ανεξάρτητης άντλησης."
1248,11390,1ο,ΜΟΥΣΙΚΩΝ ΣΠΟΥΔΩΝ (ΑΡΤΑ),Άρτα,11660.0,-270.0,MIRROR_UNOFFICIAL,BASE_ONLY,"ΜΟΝΟ ΒΑΣΗ. Θέσεις/εισαχθέντες/κενές 2026 ΔΕΝ διαθέσιμα: το data.gov.gr δεν έχει dataset βάσεων 2026 (έλεγχος 7.144 datasets, 05/08/2026). Πηγή: aeitei.gr, mirror υπουργικών αρχείων — ΑΝΕΠΙΣΗΜΟ. Επαληθεύτηκε σε 13/13 τμήματα 1ου πεδίου έναντι ανεξάρτητης άντλησης."
120,11340,1ο,ΦΙΛΟΣΟΦΙΑΣ ΚΑΙ ΠΑΙΔΑΓΩΓΙΚΗΣ (ΘΕΣΣΑΛΟΝΙΚΗ),Θεσσαλονίκη,11580.0,-240.0,MIRROR_UNOFFICIAL,BASE_ONLY,"ΜΟΝΟ ΒΑΣΗ. Θέσεις/εισαχθέντες/κενές 2026 ΔΕΝ διαθέσιμα: το data.gov.gr δεν έχει dataset βάσεων 2026 (έλεγχος 7.144 datasets, 05/08/2026). Πηγή: aeitei.gr, mirror υπουργικών αρχείων — ΑΝΕΠΙΣΗΜΟ. Επαληθεύτηκε σε 13/13 τμήματα 1ου πεδίου έναντι ανεξάρτητης άντλησης."
158,11260,1ο,ΠΑΙΔΑΓΩΓΙΚΟ ΠΡΟΣΧΟΛΙΚΗΣ ΕΚΠΑΙΔΕΥΣΗΣ (ΡΕΘΥΜΝΟ),Ρέθυμνο,11600.0,-340.0,MIRROR_UNOFFICIAL,BASE_ONLY,"ΜΟΝΟ ΒΑΣΗ. Θέσεις/εισαχθέντες/κενές 2026 ΔΕΝ διαθέσιμα: το data.gov.gr δεν έχει dataset βάσεων 2026 (έλεγχος 7.144 datasets, 05/08/2026). Πηγή: aeitei.gr, mirror υπουργικών αρχείων — ΑΝΕΠΙΣΗΜΟ. Επαληθεύτηκε σε 13/13 τμήματα 1ου πεδίου έναντι ανεξάρτητης άντλησης."
614,11256,1ο,ΑΝΩΤΕΡΗ ΣΧΟΛΗ ΤΟΥΡΙΣΤΙΚΗΣ ΕΚΠΑΙΔΕΥΣΗΣ ΚΡΗΤΗΣ (ΑΣΤΕΚ),Αστεκ,11706.0,-450.0,MIRROR_UNOFFICIAL,BASE_ONLY,"ΜΟΝΟ ΒΑΣΗ. Θέσεις/εισαχθέντες/κενές 2026 ΔΕΝ διαθέσιμα: το data.gov.gr δεν έχει dataset βάσεων 2026 (έλεγχος 7.144 datasets, 05/08/2026). Πηγή: aeitei.gr, mirror υπουργικών αρχείων — ΑΝΕΠΙΣΗΜΟ. Επαληθεύτηκε σε 13/13 τμήματα 1ου πεδίου έναντι ανεξάρτητης άντλησης."
112,11225,1ο,ΙΣΤΟΡΙΑΣ ΚΑΙ ΑΡΧΑΙΟΛΟΓΙΑΣ (ΘΕΣΣΑΛΟΝΙΚΗ),Θεσσαλονίκη,12425.0,-1200.0,MIRROR_UNOFFICIAL,BASE_ONLY,"ΜΟΝΟ ΒΑΣΗ. Θέσεις/εισαχθέντες/κενές 2026 ΔΕΝ διαθέσιμα: το data.gov.gr δεν έχει dataset βάσεων 2026 (έλεγχος 7.144 datasets, 05/08/2026). Πηγή: aeitei.gr, mirror υπουργικών αρχείων — ΑΝΕΠΙΣΗΜΟ. Επαληθεύτηκε σε 13/13 τμήματα 1ου πεδίου έναντι ανεξάρτητης άντλησης."
1010,11185,1ο,ΦΙΛΟΣΟΦΙΑΣ (ΑΘΗΝΑ),Αθήνα,11365.0,-180.0,MIRROR_UNOFFICIAL,BASE_ONLY,"ΜΟΝΟ ΒΑΣΗ. Θέσεις/εισαχθέντες/κενές 2026 ΔΕΝ διαθέσιμα: το data.gov.gr δεν έχει dataset βάσεων 2026 (έλεγχος 7.144 datasets, 05/08/2026). Πηγή: aeitei.gr, mirror υπουργικών αρχείων — ΑΝΕΠΙΣΗΜΟ. Επαληθεύτηκε σε 13/13 τμήματα 1ου πεδίου έναντι ανεξάρτητης άντλησης."
109,11160,1ο,ΦΙΛΟΛΟΓΙΑΣ (ΑΘΗΝΑ),Αθήνα,11304.0,-144.0,MIRROR_UNOFFICIAL,BASE_ONLY,"ΜΟΝΟ ΒΑΣΗ. Θέσεις/εισαχθέντες/κενές 2026 ΔΕΝ διαθέσιμα: το data.gov.gr δεν έχει dataset βάσεων 2026 (έλεγχος 7.144 datasets, 05/08/2026). Πηγή: aeitei.gr, mirror υπουργικών αρχείων — ΑΝΕΠΙΣΗΜΟ. Επαληθεύτηκε σε 13/13 τμήματα 1ου πεδίου έναντι ανεξάρτητης άντλησης."
168,11125,1ο,ΘΕΑΤΡΟΥ (ΘΕΣΣΑΛΟΝΙΚΗ),Θεσσαλονίκη,11425.0,-300.0,MIRROR_UNOFFICIAL,BASE_ONLY,"ΜΟΝΟ ΒΑΣΗ. Θέσεις/εισαχθέντες/κενές 2026 ΔΕΝ διαθέσιμα: το data.gov.gr δεν έχει dataset βάσεων 2026 (έλεγχος 7.144 datasets, 05/08/2026). Πηγή: aeitei.gr, mirror υπουργικών αρχείων — ΑΝΕΠΙΣΗΜΟ. Επαληθεύτηκε σε 13/13 τμήματα 1ου πεδίου έναντι ανεξάρτητης άντλησης."
668,11110,1ο,"ΑΡΧΕΙΟΝΟΜΙΑΣ, ΒΙΒΛΙΟΘΗΚΟΝΟΜΙΑΣ ΚΑΙ ΣΥΣΤΗΜΑΤΩΝ ΠΛΗΡΟΦΟΡΗΣΗΣ (ΑΙΓΑΛΕΩ)",Αιγάλεω,10730.0,380.0,MIRROR_UNOFFICIAL,BASE_ONLY,"ΜΟΝΟ ΒΑΣΗ. Θέσεις/εισαχθέντες/κενές 2026 ΔΕΝ διαθέσιμα: το data.gov.gr δεν έχει dataset βάσεων 2026 (έλεγχος 7.144 datasets, 05/08/2026). Πηγή: aeitei.gr, mirror υπουργικών αρχείων — ΑΝΕΠΙΣΗΜΟ. Επαληθεύτηκε σε 13/13 τμήματα 1ου πεδίου έναντι ανεξάρτητης άντλησης."
188,11060,1ο,ΤΟΥΡΚΙΚΩΝ ΣΠΟΥΔΩΝ ΚΑΙ ΣΥΓΧΡΟΝΩΝ ΑΣΙΑΤΙΚΩΝ ΣΠΟΥΔΩΝ (ΑΘΗΝΑ),Αθήνα,11250.0,-190.0,MIRROR_UNOFFICIAL,BASE_ONLY,"ΜΟΝΟ ΒΑΣΗ. Θέσεις/εισαχθέντες/κενές 2026 ΔΕΝ διαθέσιμα: το data.gov.gr δεν έχει dataset βάσεων 2026 (έλεγχος 7.144 datasets, 05/08/2026). Πηγή: aeitei.gr, mirror υπουργικών αρχείων — ΑΝΕΠΙΣΗΜΟ. Επαληθεύτηκε σε 13/13 τμήματα 1ου πεδίου έναντι ανεξάρτητης άντλησης."
613,10992,1ο,ΑΝΩΤΕΡΗ ΣΧΟΛΗ ΤΟΥΡΙΣΤΙΚΗΣ ΕΚΠΑΙΔΕΥΣΗΣ ΡΟΔΟΥ (ΑΣΤΕΡ),Αστερ,11312.0,-320.0,MIRROR_UNOFFICIAL,BASE_ONLY,"ΜΟΝΟ ΒΑΣΗ. Θέσεις/εισαχθέντες/κενές 2026 ΔΕΝ διαθέσιμα: το data.gov.gr δεν έχει dataset βάσεων 2026 (έλεγχος 7.144 datasets, 05/08/2026). Πηγή: aeitei.gr, mirror υπουργικών αρχείων — ΑΝΕΠΙΣΗΜΟ. Επαληθεύτηκε σε 13/13 τμήματα 1ου πεδίου έναντι ανεξάρτητης άντλησης."
407,10980,1ο,ΜΟΥΣΙΚΩΝ ΣΠΟΥΔΩΝ (ΚΕΡΚΥΡΑ),Κέρκυρα,13440.0,-2460.0,MIRROR_UNOFFICIAL,BASE_ONLY,"ΜΟΝΟ ΒΑΣΗ. Θέσεις/εισαχθέντες/κενές 2026 ΔΕΝ διαθέσιμα: το data.gov.gr δεν έχει dataset βάσεων 2026 (έλεγχος 7.144 datasets, 05/08/2026). Πηγή: aeitei.gr, mirror υπουργικών αρχείων — ΑΝΕΠΙΣΗΜΟ. Επαληθεύτηκε σε 13/13 τμήματα 1ου πεδίου έναντι ανεξάρτητης άντλησης."
1551,10950,1ο,ΕΠΙΚΟΙΝΩΝΙΑΣ ΚΑΙ ΨΗΦΙΑΚΩΝ ΜΕΣΩΝ (ΚΑΣΤΟΡΙΑ),Καστοριά,11020.0,-70.0,MIRROR_UNOFFICIAL,BASE_ONLY,"ΜΟΝΟ ΒΑΣΗ. Θέσεις/εισαχθέντες/κενές 2026 ΔΕΝ διαθέσιμα: το data.gov.gr δεν έχει dataset βάσεων 2026 (έλεγχος 7.144 datasets, 05/08/2026). Πηγή: aeitei.gr, mirror υπουργικών αρχείων — ΑΝΕΠΙΣΗΜΟ. Επαληθεύτηκε σε 13/13 τμήματα 1ου πεδίου έναντι ανεξάρτητης άντλησης."
143,10950,1ο,ΠΑΙΔΑΓΩΓΙΚΟ ΔΗΜΟΤΙΚΗΣ ΕΚΠΑΙΔΕΥΣΗΣ (ΡΟΔΟΣ),Ρόδος,11875.0,-925.0,MIRROR_UNOFFICIAL,BASE_ONLY,"ΜΟΝΟ ΒΑΣΗ. Θέσεις/εισαχθέντες/κενές 2026 ΔΕΝ διαθέσιμα: το data.gov.gr δεν έχει dataset βάσεων 2026 (έλεγχος 7.144 datasets, 05/08/2026). Πηγή: aeitei.gr, mirror υπουργικών αρχείων — ΑΝΕΠΙΣΗΜΟ. Επαληθεύτηκε σε 13/13 τμήματα 1ου πεδίου έναντι ανεξάρτητης άντλησης."
1302,10920,1ο,ΚΟΙΝΩΝΙΚΗΣ ΠΟΛΙΤΙΚΗΣ (ΚΟΜΟΤΗΝΗ),Κομοτηνή,10820.0,100.0,MIRROR_UNOFFICIAL,BASE_ONLY,"ΜΟΝΟ ΒΑΣΗ. Θέσεις/εισαχθέντες/κενές 2026 ΔΕΝ διαθέσιμα: το data.gov.gr δεν έχει dataset βάσεων 2026 (έλεγχος 7.144 datasets, 05/08/2026). Πηγή: aeitei.gr, mirror υπουργικών αρχείων — ΑΝΕΠΙΣΗΜΟ. Επαληθεύτηκε σε 13/13 τμήματα 1ου πεδίου έναντι ανεξάρτητης άντλησης."
146,10875,1ο,ΘΕΑΤΡΙΚΩΝ ΣΠΟΥΔΩΝ (ΑΘΗΝΑ),Αθήνα,10550.0,325.0,MIRROR_UNOFFICIAL,BASE_ONLY,"ΜΟΝΟ ΒΑΣΗ. Θέσεις/εισαχθέντες/κενές 2026 ΔΕΝ διαθέσιμα: το data.gov.gr δεν έχει dataset βάσεων 2026 (έλεγχος 7.144 datasets, 05/08/2026). Πηγή: aeitei.gr, mirror υπουργικών αρχείων — ΑΝΕΠΙΣΗΜΟ. Επαληθεύτηκε σε 13/13 τμήματα 1ου πεδίου έναντι ανεξάρτητης άντλησης."
1241,10756,1ο,ΑΓΩΓΗΣ ΚΑΙ ΦΡΟΝΤΙΔΑΣ ΣΤΗΝ ΠΡΩΙΜΗ ΠΑΙΔΙΚΗ ΗΛΙΚΙΑ (ΙΩΑΝΝΙΝΑ),Ιωάννινα,10914.0,-158.0,MIRROR_UNOFFICIAL,BASE_ONLY,"ΜΟΝΟ ΒΑΣΗ. Θέσεις/εισαχθέντες/κενές 2026 ΔΕΝ διαθέσιμα: το data.gov.gr δεν έχει dataset βάσεων 2026 (έλεγχος 7.144 datasets, 05/08/2026). Πηγή: aeitei.gr, mirror υπουργικών αρχείων — ΑΝΕΠΙΣΗΜΟ. Επαληθεύτηκε σε 13/13 τμήματα 1ου πεδίου έναντι ανεξάρτητης άντλησης."
373,10735,1ο,ΠΟΛΙΤΙΚΗΣ ΕΠΙΣΤΗΜΗΣ (ΚΟΜΟΤΗΝΗ),Κομοτηνή,10660.0,75.0,MIRROR_UNOFFICIAL,BASE_ONLY,"ΜΟΝΟ ΒΑΣΗ. Θέσεις/εισαχθέντες/κενές 2026 ΔΕΝ διαθέσιμα: το data.gov.gr δεν έχει dataset βάσεων 2026 (έλεγχος 7.144 datasets, 05/08/2026). Πηγή: aeitei.gr, mirror υπουργικών αρχείων — ΑΝΕΠΙΣΗΜΟ. Επαληθεύτηκε σε 13/13 τμήματα 1ου πεδίου έναντι ανεξάρτητης άντλησης."
341,10675,1ο,ΠΑΙΔΑΓΩΓΙΚΟ ΝΗΠΙΑΓΩΓΩΝ (ΦΛΩΡΙΝΑ),Φλώρινα,10975.0,-300.0,MIRROR_UNOFFICIAL,BASE_ONLY,"ΜΟΝΟ ΒΑΣΗ. Θέσεις/εισαχθέντες/κενές 2026 ΔΕΝ διαθέσιμα: το data.gov.gr δεν έχει dataset βάσεων 2026 (έλεγχος 7.144 datasets, 05/08/2026). Πηγή: aeitei.gr, mirror υπουργικών αρχείων — ΑΝΕΠΙΣΗΜΟ. Επαληθεύτηκε σε 13/13 τμήματα 1ου πεδίου έναντι ανεξάρτητης άντλησης."
173,10674,1ο,ΙΣΤΟΡΙΑΣ ΚΑΙ ΦΙΛΟΣΟΦΙΑΣ ΤΗΣ ΕΠΙΣΤΗΜΗΣ (ΑΘΗΝΑ),Αθήνα,10810.0,-136.0,MIRROR_UNOFFICIAL,BASE_ONLY,"ΜΟΝΟ ΒΑΣΗ. Θέσεις/εισαχθέντες/κενές 2026 ΔΕΝ διαθέσιμα: το data.gov.gr δεν έχει dataset βάσεων 2026 (έλεγχος 7.144 datasets, 05/08/2026). Πηγή: aeitei.gr, mirror υπουργικών αρχείων — ΑΝΕΠΙΣΗΜΟ. Επαληθεύτηκε σε 13/13 τμήματα 1ου πεδίου έναντι ανεξάρτητης άντλησης."
1011,10640,1ο,ΨΗΦΙΑΚΩΝ ΤΕΧΝΩΝ ΚΑΙ ΚΙΝΗΜΑΤΟΓΡΑΦΟΥ (ΨΑΧΝΑ ΕΥΒΟΙΑΣ),Ψαχνα Ευβοιας,10520.0,120.0,MIRROR_UNOFFICIAL,BASE_ONLY,"ΜΟΝΟ ΒΑΣΗ. Θέσεις/εισαχθέντες/κενές 2026 ΔΕΝ διαθέσιμα: το data.gov.gr δεν έχει dataset βάσεων 2026 (έλεγχος 7.144 datasets, 05/08/2026). Πηγή: aeitei.gr, mirror υπουργικών αρχείων — ΑΝΕΠΙΣΗΜΟ. Επαληθεύτηκε σε 13/13 τμήματα 1ου πεδίου έναντι ανεξάρτητης άντλησης."
160,10400,1ο,ΕΠΙΣΤΗΜΩΝ ΤΗΣ ΕΚΠΑΙΔΕΥΣΗΣ ΣΤΗΝ ΠΡΟΣΧΟΛΙΚΗ ΗΛΙΚΙΑ (ΑΛΕΞΑΝΔΡΟΥΠΟΛΗ),Αλεξανδρούπολη,10750.0,-350.0,MIRROR_UNOFFICIAL,BASE_ONLY,"ΜΟΝΟ ΒΑΣΗ. Θέσεις/εισαχθέντες/κενές 2026 ΔΕΝ διαθέσιμα: το data.gov.gr δεν έχει dataset βάσεων 2026 (έλεγχος 7.144 datasets, 05/08/2026). Πηγή: aeitei.gr, mirror υπουργικών αρχείων — ΑΝΕΠΙΣΗΜΟ. Επαληθεύτηκε σε 13/13 τμήματα 1ου πεδίου έναντι ανεξάρτητης άντλησης."
192,10345,1ο,ΡΩΣΙΚΗΣ ΓΛΩΣΣΑΣ ΚΑΙ ΦΙΛΟΛΟΓΙΑΣ ΚΑΙ ΣΛΑΒΙΚΩΝ ΣΠΟΥΔΩΝ (ΑΘΗΝΑ) - ΡΩΣΙΚΗΣ ΓΛΩΣΣΑΣ ΚΑΙ ΦΙΛΟΛΟΓΙΑΣ,Αθήνα,10225.0,120.0,MIRROR_UNOFFICIAL,BASE_ONLY,"ΜΟΝΟ ΒΑΣΗ. Θέσεις/εισαχθέντες/κενές 2026 ΔΕΝ διαθέσιμα: το data.gov.gr δεν έχει dataset βάσεων 2026 (έλεγχος 7.144 datasets, 05/08/2026). Πηγή: aeitei.gr, mirror υπουργικών αρχείων — ΑΝΕΠΙΣΗΜΟ. Επαληθεύτηκε σε 13/13 τμήματα 1ου πεδίου έναντι ανεξάρτητης άντλησης."
187,10320,1ο,ΚΟΙΝΩΝΙΚΗΣ ΚΑΙ ΕΚΠΑΙΔΕΥΤΙΚΗΣ ΠΟΛΙΤΙΚΗΣ (ΚΟΡΙΝΘΟΣ),Κόρινθος,10540.0,-220.0,MIRROR_UNOFFICIAL,BASE_ONLY,"ΜΟΝΟ ΒΑΣΗ. Θέσεις/εισαχθέντες/κενές 2026 ΔΕΝ διαθέσιμα: το data.gov.gr δεν έχει dataset βάσεων 2026 (έλεγχος 7.144 datasets, 05/08/2026). Πηγή: aeitei.gr, mirror υπουργικών αρχείων — ΑΝΕΠΙΣΗΜΟ. Επαληθεύτηκε σε 13/13 τμήματα 1ου πεδίου έναντι ανεξάρτητης άντλησης."
149,10280,1ο,ΚΟΙΝΩΝΙΟΛΟΓΙΑΣ (ΡΕΘΥΜΝΟ),Ρέθυμνο,10250.0,30.0,MIRROR_UNOFFICIAL,BASE_ONLY,"ΜΟΝΟ ΒΑΣΗ. Θέσεις/εισαχθέντες/κενές 2026 ΔΕΝ διαθέσιμα: το data.gov.gr δεν έχει dataset βάσεων 2026 (έλεγχος 7.144 datasets, 05/08/2026). Πηγή: aeitei.gr, mirror υπουργικών αρχείων — ΑΝΕΠΙΣΗΜΟ. Επαληθεύτηκε σε 13/13 τμήματα 1ου πεδίου έναντι ανεξάρτητης άντλησης."
384,10065,1ο,ΘΕΩΡΙΑΣ ΚΑΙ ΙΣΤΟΡΙΑΣ ΤΗΣ ΤΕΧΝΗΣ (ΑΘΗΝΑ),Αθήνα,10210.0,-145.0,MIRROR_UNOFFICIAL,BASE_ONLY,"ΜΟΝΟ ΒΑΣΗ. Θέσεις/εισαχθέντες/κενές 2026 ΔΕΝ διαθέσιμα: το data.gov.gr δεν έχει dataset βάσεων 2026 (έλεγχος 7.144 datasets, 05/08/2026). Πηγή: aeitei.gr, mirror υπουργικών αρχείων — ΑΝΕΠΙΣΗΜΟ. Επαληθεύτηκε σε 13/13 τμήματα 1ου πεδίου έναντι ανεξάρτητης άντλησης."
162,9850,1ο,ΕΠΙΣΤΗΜΩΝ ΤΗΣ ΠΡΟΣΧΟΛΙΚΗΣ ΑΓΩΓΗΣ ΚΑΙ ΕΚΠΑΙΔΕΥΤΙΚΟΥ ΣΧΕΔΙΑΣΜΟΥ (ΡΟΔΟΣ),Ρόδος,10150.0,-300.0,MIRROR_UNOFFICIAL,BASE_ONLY,"ΜΟΝΟ ΒΑΣΗ. Θέσεις/εισαχθέντες/κενές 2026 ΔΕΝ διαθέσιμα: το data.gov.gr δεν έχει dataset βάσεων 2026 (έλεγχος 7.144 datasets, 05/08/2026). Πηγή: aeitei.gr, mirror υπουργικών αρχείων — ΑΝΕΠΙΣΗΜΟ. Επαληθεύτηκε σε 13/13 τμήματα 1ου πεδίου έναντι ανεξάρτητης άντλησης."
175,9790,1ο,ΦΙΛΟΛΟΓΙΑΣ (ΠΑΤΡΑ),Πάτρα,10060.0,-270.0,MIRROR_UNOFFICIAL,BASE_ONLY,"ΜΟΝΟ ΒΑΣΗ. Θέσεις/εισαχθέντες/κενές 2026 ΔΕΝ διαθέσιμα: το data.gov.gr δεν έχει dataset βάσεων 2026 (έλεγχος 7.144 datasets, 05/08/2026). Πηγή: aeitei.gr, mirror υπουργικών αρχείων — ΑΝΕΠΙΣΗΜΟ. Επαληθεύτηκε σε 13/13 τμήματα 1ου πεδίου έναντι ανεξάρτητης άντλησης."
177,9675,1ο,"ΙΣΤΟΡΙΑΣ, ΑΡΧΑΙΟΛΟΓΙΑΣ ΚΑΙ ΚΟΙΝΩΝΙΚΗΣ ΑΝΘΡΩΠΟΛΟΓΙΑΣ (ΒΟΛΟΣ)",Βόλος,9775.0,-100.0,MIRROR_UNOFFICIAL,BASE_ONLY,"ΜΟΝΟ ΒΑΣΗ. Θέσεις/εισαχθέντες/κενές 2026 ΔΕΝ διαθέσιμα: το data.gov.gr δεν έχει dataset βάσεων 2026 (έλεγχος 7.144 datasets, 05/08/2026). Πηγή: aeitei.gr, mirror υπουργικών αρχείων — ΑΝΕΠΙΣΗΜΟ. Επαληθεύτηκε σε 13/13 τμήματα 1ου πεδίου έναντι ανεξάρτητης άντλησης."
367,9675,1ο,ΤΕΧΝΩΝ ΗΧΟΥ ΚΑΙ ΕΙΚΟΝΑΣ (ΚΕΡΚΥΡΑ),Κέρκυρα,9410.0,265.0,MIRROR_UNOFFICIAL,BASE_ONLY,"ΜΟΝΟ ΒΑΣΗ. Θέσεις/εισαχθέντες/κενές 2026 ΔΕΝ διαθέσιμα: το data.gov.gr δεν έχει dataset βάσεων 2026 (έλεγχος 7.144 datasets, 05/08/2026). Πηγή: aeitei.gr, mirror υπουργικών αρχείων — ΑΝΕΠΙΣΗΜΟ. Επαληθεύτηκε σε 13/13 τμήματα 1ου πεδίου έναντι ανεξάρτητης άντλησης."
169,9645,1ο,ΘΕΑΤΡΙΚΩΝ ΣΠΟΥΔΩΝ (ΠΑΤΡΑ),Πάτρα,9040.0,605.0,MIRROR_UNOFFICIAL,BASE_ONLY,"ΜΟΝΟ ΒΑΣΗ. Θέσεις/εισαχθέντες/κενές 2026 ΔΕΝ διαθέσιμα: το data.gov.gr δεν έχει dataset βάσεων 2026 (έλεγχος 7.144 datasets, 05/08/2026). Πηγή: aeitei.gr, mirror υπουργικών αρχείων — ΑΝΕΠΙΣΗΜΟ. Επαληθεύτηκε σε 13/13 τμήματα 1ου πεδίου έναντι ανεξάρτητης άντλησης."
1609,9625,1ο,"ΒΙΒΛΙΟΘΗΚΟΝΟΜΙΑΣ, ΑΡΧΕΙΟΝΟΜΙΑΣ ΚΑΙ ΣΥΣΤΗΜΑΤΩΝ ΠΛΗΡΟΦΟΡΗΣΗΣ (ΘΕΣΣΑΛΟΝΙΚΗ)",Θεσσαλονίκη,9300.0,325.0,MIRROR_UNOFFICIAL,BASE_ONLY,"ΜΟΝΟ ΒΑΣΗ. Θέσεις/εισαχθέντες/κενές 2026 ΔΕΝ διαθέσιμα: το data.gov.gr δεν έχει dataset βάσεων 2026 (έλεγχος 7.144 datasets, 05/08/2026). Πηγή: aeitei.gr, mirror υπουργικών αρχείων — ΑΝΕΠΙΣΗΜΟ. Επαληθεύτηκε σε 13/13 τμήματα 1ου πεδίου έναντι ανεξάρτητης άντλησης."
113,9362,1ο,ΦΙΛΟΛΟΓΙΑΣ (ΙΩΑΝΝΙΝΑ),Ιωάννινα,9451.0,-89.0,MIRROR_UNOFFICIAL,BASE_ONLY,"ΜΟΝΟ ΒΑΣΗ. Θέσεις/εισαχθέντες/κενές 2026 ΔΕΝ διαθέσιμα: το data.gov.gr δεν έχει dataset βάσεων 2026 (έλεγχος 7.144 datasets, 05/08/2026). Πηγή: aeitei.gr, mirror υπουργικών αρχείων — ΑΝΕΠΙΣΗΜΟ. Επαληθεύτηκε σε 13/13 τμήματα 1ου πεδίου έναντι ανεξάρτητης άντλησης."
102,9240,1ο,ΦΙΛΟΣΟΦΙΑΣ (ΠΑΤΡΑ),Πάτρα,9360.0,-120.0,MIRROR_UNOFFICIAL,BASE_ONLY,"ΜΟΝΟ ΒΑΣΗ. Θέσεις/εισαχθέντες/κενές 2026 ΔΕΝ διαθέσιμα: το data.gov.gr δεν έχει dataset βάσεων 2026 (έλεγχος 7.144 datasets, 05/08/2026). Πηγή: aeitei.gr, mirror υπουργικών αρχείων — ΑΝΕΠΙΣΗΜΟ. Επαληθεύτηκε σε 13/13 τμήματα 1ου πεδίου έναντι ανεξάρτητης άντλησης."
1435,9240,1ο,ΠΟΛΙΤΙΣΜΟΥ ΚΑΙ ΔΗΜΙΟΥΡΓΙΚΩΝ ΜΕΣΩΝ ΚΑΙ ΒΙΟΜΗΧΑΝΙΩΝ (ΒΟΛΟΣ),Βόλος,9410.0,-170.0,MIRROR_UNOFFICIAL,BASE_ONLY,"ΜΟΝΟ ΒΑΣΗ. Θέσεις/εισαχθέντες/κενές 2026 ΔΕΝ διαθέσιμα: το data.gov.gr δεν έχει dataset βάσεων 2026 (έλεγχος 7.144 datasets, 05/08/2026). Πηγή: aeitei.gr, mirror υπουργικών αρχείων — ΑΝΕΠΙΣΗΜΟ. Επαληθεύτηκε σε 13/13 τμήματα 1ου πεδίου έναντι ανεξάρτητης άντλησης."
1284,9185,1ο,ΙΣΤΟΡΙΑΣ - ΑΡΧΑΙΟΛΟΓΙΑΣ (ΠΑΤΡΑ),Πάτρα,8760.0,425.0,MIRROR_UNOFFICIAL,BASE_ONLY,"ΜΟΝΟ ΒΑΣΗ. Θέσεις/εισαχθέντες/κενές 2026 ΔΕΝ διαθέσιμα: το data.gov.gr δεν έχει dataset βάσεων 2026 (έλεγχος 7.144 datasets, 05/08/2026). Πηγή: aeitei.gr, mirror υπουργικών αρχείων — ΑΝΕΠΙΣΗΜΟ. Επαληθεύτηκε σε 13/13 τμήματα 1ου πεδίου έναντι ανεξάρτητης άντλησης."
780,9175,1ο,ΘΕΟΛΟΓΙΑΣ (ΘΕΣΣΑΛΟΝΙΚΗ) - ΜΟΥΣΟΥΛΜΑΝΙΚΩΝ ΣΠΟΥΔΩΝ,Θεσσαλονίκη,9125.0,50.0,MIRROR_UNOFFICIAL,BASE_ONLY,"ΜΟΝΟ ΒΑΣΗ. Θέσεις/εισαχθέντες/κενές 2026 ΔΕΝ διαθέσιμα: το data.gov.gr δεν έχει dataset βάσεων 2026 (έλεγχος 7.144 datasets, 05/08/2026). Πηγή: aeitei.gr, mirror υπουργικών αρχείων — ΑΝΕΠΙΣΗΜΟ. Επαληθεύτηκε σε 13/13 τμήματα 1ου πεδίου έναντι ανεξάρτητης άντλησης."
114,9070,1ο,ΙΣΤΟΡΙΑΣ ΚΑΙ ΑΡΧΑΙΟΛΟΓΙΑΣ (ΙΩΑΝΝΙΝΑ),Ιωάννινα,9433.0,-363.0,MIRROR_UNOFFICIAL,BASE_ONLY,"ΜΟΝΟ ΒΑΣΗ. Θέσεις/εισαχθέντες/κενές 2026 ΔΕΝ διαθέσιμα: το data.gov.gr δεν έχει dataset βάσεων 2026 (έλεγχος 7.144 datasets, 05/08/2026). Πηγή: aeitei.gr, mirror υπουργικών αρχείων — ΑΝΕΠΙΣΗΜΟ. Επαληθεύτηκε σε 13/13 τμήματα 1ου πεδίου έναντι ανεξάρτητης άντλησης."
1423,9060,1ο,ΓΛΩΣΣΙΚΩΝ ΚΑΙ ΔΙΑΠΟΛΙΤΙΣΜΙΚΩΝ ΣΠΟΥΔΩΝ (ΒΟΛΟΣ),Βόλος,9410.0,-350.0,MIRROR_UNOFFICIAL,BASE_ONLY,"ΜΟΝΟ ΒΑΣΗ. Θέσεις/εισαχθέντες/κενές 2026 ΔΕΝ διαθέσιμα: το data.gov.gr δεν έχει dataset βάσεων 2026 (έλεγχος 7.144 datasets, 05/08/2026). Πηγή: aeitei.gr, mirror υπουργικών αρχείων — ΑΝΕΠΙΣΗΜΟ. Επαληθεύτηκε σε 13/13 τμήματα 1ου πεδίου έναντι ανεξάρτητης άντλησης."
115,9052,1ο,ΦΙΛΟΛΟΓΙΑΣ (ΡΕΘΥΜΝΟ),Ρέθυμνο,9134.0,-82.0,MIRROR_UNOFFICIAL,BASE_ONLY,"ΜΟΝΟ ΒΑΣΗ. Θέσεις/εισαχθέντες/κενές 2026 ΔΕΝ διαθέσιμα: το data.gov.gr δεν έχει dataset βάσεων 2026 (έλεγχος 7.144 datasets, 05/08/2026). Πηγή: aeitei.gr, mirror υπουργικών αρχείων — ΑΝΕΠΙΣΗΜΟ. Επαληθεύτηκε σε 13/13 τμήματα 1ου πεδίου έναντι ανεξάρτητης άντλησης."
122,9040,1ο,ΦΙΛΟΣΟΦΙΑΣ (ΙΩΑΝΝΙΝΑ),Ιωάννινα,9180.0,-140.0,MIRROR_UNOFFICIAL,BASE_ONLY,"ΜΟΝΟ ΒΑΣΗ. Θέσεις/εισαχθέντες/κενές 2026 ΔΕΝ διαθέσιμα: το data.gov.gr δεν έχει dataset βάσεων 2026 (έλεγχος 7.144 datasets, 05/08/2026). Πηγή: aeitei.gr, mirror υπουργικών αρχείων — ΑΝΕΠΙΣΗΜΟ. Επαληθεύτηκε σε 13/13 τμήματα 1ου πεδίου έναντι ανεξάρτητης άντλησης."
362,9025,1ο,ΘΕΑΤΡΙΚΩΝ ΣΠΟΥΔΩΝ (ΝΑΥΠΛΙΟ),Ναύπλιο,9075.0,-50.0,MIRROR_UNOFFICIAL,BASE_ONLY,"ΜΟΝΟ ΒΑΣΗ. Θέσεις/εισαχθέντες/κενές 2026 ΔΕΝ διαθέσιμα: το data.gov.gr δεν έχει dataset βάσεων 2026 (έλεγχος 7.144 datasets, 05/08/2026). Πηγή: aeitei.gr, mirror υπουργικών αρχείων — ΑΝΕΠΙΣΗΜΟ. Επαληθεύτηκε σε 13/13 τμήματα 1ου πεδίου έναντι ανεξάρτητης άντλησης."
1517,9025,1ο,ΠΑΡΑΣΤΑΤΙΚΩΝ ΚΑΙ ΨΗΦΙΑΚΩΝ ΤΕΧΝΩΝ (ΝΑΥΠΛΙΟ),Ναύπλιο,9200.0,-175.0,MIRROR_UNOFFICIAL,BASE_ONLY,"ΜΟΝΟ ΒΑΣΗ. Θέσεις/εισαχθέντες/κενές 2026 ΔΕΝ διαθέσιμα: το data.gov.gr δεν έχει dataset βάσεων 2026 (έλεγχος 7.144 datasets, 05/08/2026). Πηγή: aeitei.gr, mirror υπουργικών αρχείων — ΑΝΕΠΙΣΗΜΟ. Επαληθεύτηκε σε 13/13 τμήματα 1ου πεδίου έναντι ανεξάρτητης άντλησης."
107,9005,1ο,ΚΟΙΝΩΝΙΚΗΣ ΘΕΟΛΟΓΙΑΣ ΚΑΙ ΧΡΙΣΤΙΑΝΙΚΟΥ ΠΟΛΙΤΙΣΜΟΥ (ΘΕΣΣΑΛΟΝΙΚΗ),Θεσσαλονίκη,8940.0,65.0,MIRROR_UNOFFICIAL,BASE_ONLY,"ΜΟΝΟ ΒΑΣΗ. Θέσεις/εισαχθέντες/κενές 2026 ΔΕΝ διαθέσιμα: το data.gov.gr δεν έχει dataset βάσεων 2026 (έλεγχος 7.144 datasets, 05/08/2026). Πηγή: aeitei.gr, mirror υπουργικών αρχείων — ΑΝΕΠΙΣΗΜΟ. Επαληθεύτηκε σε 13/13 τμήματα 1ου πεδίου έναντι ανεξάρτητης άντλησης."
167,9000,1ο,ΚΟΙΝΩΝΙΚΗΣ ΑΝΘΡΩΠΟΛΟΓΙΑΣ ΚΑΙ ΙΣΤΟΡΙΑΣ (ΜΥΤΙΛΗΝΗ),Μυτιλήνη,9075.0,-75.0,MIRROR_UNOFFICIAL,BASE_ONLY,"ΜΟΝΟ ΒΑΣΗ. Θέσεις/εισαχθέντες/κενές 2026 ΔΕΝ διαθέσιμα: το data.gov.gr δεν έχει dataset βάσεων 2026 (έλεγχος 7.144 datasets, 05/08/2026). Πηγή: aeitei.gr, mirror υπουργικών αρχείων — ΑΝΕΠΙΣΗΜΟ. Επαληθεύτηκε σε 13/13 τμήματα 1ου πεδίου έναντι ανεξάρτητης άντλησης."
351,8975,1ο,ΠΟΛΙΤΙΚΗΣ ΕΠΙΣΤΗΜΗΣ (ΡΕΘΥΜΝΟ),Ρέθυμνο,9300.0,-325.0,MIRROR_UNOFFICIAL,BASE_ONLY,"ΜΟΝΟ ΒΑΣΗ. Θέσεις/εισαχθέντες/κενές 2026 ΔΕΝ διαθέσιμα: το data.gov.gr δεν έχει dataset βάσεων 2026 (έλεγχος 7.144 datasets, 05/08/2026). Πηγή: aeitei.gr, mirror υπουργικών αρχείων — ΑΝΕΠΙΣΗΜΟ. Επαληθεύτηκε σε 13/13 τμήματα 1ου πεδίου έναντι ανεξάρτητης άντλησης."
103,8975,1ο,ΘΕΟΛΟΓΙΑΣ (ΘΕΣΣΑΛΟΝΙΚΗ),Θεσσαλονίκη,9050.0,-75.0,MIRROR_UNOFFICIAL,BASE_ONLY,"ΜΟΝΟ ΒΑΣΗ. Θέσεις/εισαχθέντες/κενές 2026 ΔΕΝ διαθέσιμα: το data.gov.gr δεν έχει dataset βάσεων 2026 (έλεγχος 7.144 datasets, 05/08/2026). Πηγή: aeitei.gr, mirror υπουργικών αρχείων — ΑΝΕΠΙΣΗΜΟ. Επαληθεύτηκε σε 13/13 τμήματα 1ου πεδίου έναντι ανεξάρτητης άντλησης."
116,8975,1ο,ΙΣΤΟΡΙΑΣ ΚΑΙ ΑΡΧΑΙΟΛΟΓΙΑΣ (ΡΕΘΥΜΝΟ),Ρέθυμνο,9050.0,-75.0,MIRROR_UNOFFICIAL,BASE_ONLY,"ΜΟΝΟ ΒΑΣΗ. Θέσεις/εισαχθέντες/κενές 2026 ΔΕΝ διαθέσιμα: το data.gov.gr δεν έχει dataset βάσεων 2026 (έλεγχος 7.144 datasets, 05/08/2026). Πηγή: aeitei.gr, mirror υπουργικών αρχείων — ΑΝΕΠΙΣΗΜΟ. Επαληθεύτηκε σε 13/13 τμήματα 1ου πεδίου έναντι ανεξάρτητης άντλησης."
1064,8950,1ο,ΠΕΡΙΦΕΡΕΙΑΚΗΣ ΚΑΙ ΟΙΚΟΝΟΜΙΚΗΣ ΑΝΑΠΤΥΞΗΣ (ΑΜΦΙΣΣΑ),Άμφισσα,7040.0,1910.0,MIRROR_UNOFFICIAL,BASE_ONLY,"ΜΟΝΟ ΒΑΣΗ. Θέσεις/εισαχθέντες/κενές 2026 ΔΕΝ διαθέσιμα: το data.gov.gr δεν έχει dataset βάσεων 2026 (έλεγχος 7.144 datasets, 05/08/2026). Πηγή: aeitei.gr, mirror υπουργικών αρχείων — ΑΝΕΠΙΣΗΜΟ. Επαληθεύτηκε σε 13/13 τμήματα 1ου πεδίου έναντι ανεξάρτητης άντλησης."
138,8895,1ο,ΦΙΛΟΣΟΦΙΑΣ (ΡΕΘΥΜΝΟ),Ρέθυμνο,9130.0,-235.0,MIRROR_UNOFFICIAL,BASE_ONLY,"ΜΟΝΟ ΒΑΣΗ. Θέσεις/εισαχθέντες/κενές 2026 ΔΕΝ διαθέσιμα: το data.gov.gr δεν έχει dataset βάσεων 2026 (έλεγχος 7.144 datasets, 05/08/2026). Πηγή: aeitei.gr, mirror υπουργικών αρχείων — ΑΝΕΠΙΣΗΜΟ. Επαληθεύτηκε σε 13/13 τμήματα 1ου πεδίου έναντι ανεξάρτητης άντλησης."
101,8870,1ο,ΘΕΟΛΟΓΙΑΣ (ΑΘΗΝΑ),Αθήνα,9130.0,-260.0,MIRROR_UNOFFICIAL,BASE_ONLY,"ΜΟΝΟ ΒΑΣΗ. Θέσεις/εισαχθέντες/κενές 2026 ΔΕΝ διαθέσιμα: το data.gov.gr δεν έχει dataset βάσεων 2026 (έλεγχος 7.144 datasets, 05/08/2026). Πηγή: aeitei.gr, mirror υπουργικών αρχείων — ΑΝΕΠΙΣΗΜΟ. Επαληθεύτηκε σε 13/13 τμήματα 1ου πεδίου έναντι ανεξάρτητης άντλησης."
348,8840,1ο,ΚΟΙΝΩΝΙΟΛΟΓΙΑΣ (ΜΥΤΙΛΗΝΗ),Μυτιλήνη,8560.0,280.0,MIRROR_UNOFFICIAL,BASE_ONLY,"ΜΟΝΟ ΒΑΣΗ. Θέσεις/εισαχθέντες/κενές 2026 ΔΕΝ διαθέσιμα: το data.gov.gr δεν έχει dataset βάσεων 2026 (έλεγχος 7.144 datasets, 05/08/2026). Πηγή: aeitei.gr, mirror υπουργικών αρχείων — ΑΝΕΠΙΣΗΜΟ. Επαληθεύτηκε σε 13/13 τμήματα 1ου πεδίου έναντι ανεξάρτητης άντλησης."
1627,8750,1ο,ΔΗΜΙΟΥΡΓΙΚΟΥ ΣΧΕΔΙΑΣΜΟΥ ΚΑΙ ΕΝΔΥΣΗΣ (ΚΙΛΚΙΣ),Κιλκίς,8650.0,100.0,MIRROR_UNOFFICIAL,BASE_ONLY,"ΜΟΝΟ ΒΑΣΗ. Θέσεις/εισαχθέντες/κενές 2026 ΔΕΝ διαθέσιμα: το data.gov.gr δεν έχει dataset βάσεων 2026 (έλεγχος 7.144 datasets, 05/08/2026). Πηγή: aeitei.gr, mirror υπουργικών αρχείων — ΑΝΕΠΙΣΗΜΟ. Επαληθεύτηκε σε 13/13 τμήματα 1ου πεδίου έναντι ανεξάρτητης άντλησης."
189,8730,1ο,ΦΙΛΟΛΟΓΙΑΣ (ΚΑΛΑΜΑΤΑ),Καλαμάτα,8900.0,-170.0,MIRROR_UNOFFICIAL,BASE_ONLY,"ΜΟΝΟ ΒΑΣΗ. Θέσεις/εισαχθέντες/κενές 2026 ΔΕΝ διαθέσιμα: το data.gov.gr δεν έχει dataset βάσεων 2026 (έλεγχος 7.144 datasets, 05/08/2026). Πηγή: aeitei.gr, mirror υπουργικών αρχείων — ΑΝΕΠΙΣΗΜΟ. Επαληθεύτηκε σε 13/13 τμήματα 1ου πεδίου έναντι ανεξάρτητης άντλησης."
105,8730,1ο,ΚΟΙΝΩΝΙΚΗΣ ΘΕΟΛΟΓΙΑΣ ΚΑΙ ΘΡΗΣΚΕΙΟΛΟΓΙΑΣ (ΑΘΗΝΑ),Αθήνα,8860.0,-130.0,MIRROR_UNOFFICIAL,BASE_ONLY,"ΜΟΝΟ ΒΑΣΗ. Θέσεις/εισαχθέντες/κενές 2026 ΔΕΝ διαθέσιμα: το data.gov.gr δεν έχει dataset βάσεων 2026 (έλεγχος 7.144 datasets, 05/08/2026). Πηγή: aeitei.gr, mirror υπουργικών αρχείων — ΑΝΕΠΙΣΗΜΟ. Επαληθεύτηκε σε 13/13 τμήματα 1ου πεδίου έναντι ανεξάρτητης άντλησης."
104,8700,1ο,"ΙΣΤΟΡΙΑΣ, ΑΡΧΑΙΟΛΟΓΙΑΣ ΚΑΙ ΔΙΑΧΕΙΡΙΣΗΣ ΠΟΛΙΤΙΣΜΙΚΩΝ ΑΓΑΘΩΝ (ΚΑΛΑΜΑΤΑ)",Καλαμάτα,8760.0,-60.0,MIRROR_UNOFFICIAL,BASE_ONLY,"ΜΟΝΟ ΒΑΣΗ. Θέσεις/εισαχθέντες/κενές 2026 ΔΕΝ διαθέσιμα: το data.gov.gr δεν έχει dataset βάσεων 2026 (έλεγχος 7.144 datasets, 05/08/2026). Πηγή: aeitei.gr, mirror υπουργικών αρχείων — ΑΝΕΠΙΣΗΜΟ. Επαληθεύτηκε σε 13/13 τμήματα 1ου πεδίου έναντι ανεξάρτητης άντλησης."
181,8534,1ο,"ΜΕΣΟΓΕΙΑΚΩΝ ΣΠΟΥΔΩΝ: ΑΡΧΑΙΟΛΟΓΙΑ, ΓΛΩΣΣΟΛΟΓΙΑ, ΔΙΕΘΝΕΙΣ ΣΧΕΣΕΙΣ (ΡΟΔΟΣ) (Μετονομασία του Τμήματος ΜΕΣΟΓΕΙΑΚΩΝ ΣΠΟΥΔΩΝ)",Ρόδος,8798.0,-264.0,MIRROR_UNOFFICIAL,BASE_ONLY,"ΜΟΝΟ ΒΑΣΗ. Θέσεις/εισαχθέντες/κενές 2026 ΔΕΝ διαθέσιμα: το data.gov.gr δεν έχει dataset βάσεων 2026 (έλεγχος 7.144 datasets, 05/08/2026). Πηγή: aeitei.gr, mirror υπουργικών αρχείων — ΑΝΕΠΙΣΗΜΟ. Επαληθεύτηκε σε 13/13 τμήματα 1ου πεδίου έναντι ανεξάρτητης άντλησης."
1669,8525,1ο,ΑΝΘΡΩΠΙΣΤΙΚΩΝ ΣΠΟΥΔΩΝ (ΚΟΜΟΤΗΝΗ),Κομοτηνή,8650.0,-125.0,MIRROR_UNOFFICIAL,BASE_ONLY,"ΜΟΝΟ ΒΑΣΗ. Θέσεις/εισαχθέντες/κενές 2026 ΔΕΝ διαθέσιμα: το data.gov.gr δεν έχει dataset βάσεων 2026 (έλεγχος 7.144 datasets, 05/08/2026). Πηγή: aeitei.gr, mirror υπουργικών αρχείων — ΑΝΕΠΙΣΗΜΟ. Επαληθεύτηκε σε 13/13 τμήματα 1ου πεδίου έναντι ανεξάρτητης άντλησης."
145,8400,1ο,ΙΣΤΟΡΙΑΣ ΚΑΙ ΨΗΦΙΑΚΩΝ ΑΝΘΡΩΠΙΣΤΙΚΩΝ ΕΠΙΣΤΗΜΩΝ (ΚΕΡΚΥΡΑ) (Μετονομασία του Τμήματος ΙΣΤΟΡΙΑΣ),Κέρκυρα,8560.0,-160.0,MIRROR_UNOFFICIAL,BASE_ONLY,"ΜΟΝΟ ΒΑΣΗ. Θέσεις/εισαχθέντες/κενές 2026 ΔΕΝ διαθέσιμα: το data.gov.gr δεν έχει dataset βάσεων 2026 (έλεγχος 7.144 datasets, 05/08/2026). Πηγή: aeitei.gr, mirror υπουργικών αρχείων — ΑΝΕΠΙΣΗΜΟ. Επαληθεύτηκε σε 13/13 τμήματα 1ου πεδίου έναντι ανεξάρτητης άντλησης."
342,8325,1ο,"ΑΡΧΕΙΟΝΟΜΙΑΣ, ΒΙΒΛΙΟΘΗΚΟΝΟΜΙΑΣ ΚΑΙ ΜΟΥΣΕΙΟΛΟΓΙΑΣ (ΚΕΡΚΥΡΑ)",Κέρκυρα,8525.0,-200.0,MIRROR_UNOFFICIAL,BASE_ONLY,"ΜΟΝΟ ΒΑΣΗ. Θέσεις/εισαχθέντες/κενές 2026 ΔΕΝ διαθέσιμα: το data.gov.gr δεν έχει dataset βάσεων 2026 (έλεγχος 7.144 datasets, 05/08/2026). Πηγή: aeitei.gr, mirror υπουργικών αρχείων — ΑΝΕΠΙΣΗΜΟ. Επαληθεύτηκε σε 13/13 τμήματα 1ου πεδίου έναντι ανεξάρτητης άντλησης."
1456,8110,1ο,ΨΗΦΙΑΚΩΝ ΜΕΣΩΝ ΚΑΙ ΕΠΙΚΟΙΝΩΝΙΑΣ (ΑΡΓΟΣΤΟΛΙ),Αργοστολι,8550.0,-440.0,MIRROR_UNOFFICIAL,BASE_ONLY,"ΜΟΝΟ ΒΑΣΗ. Θέσεις/εισαχθέντες/κενές 2026 ΔΕΝ διαθέσιμα: το data.gov.gr δεν έχει dataset βάσεων 2026 (έλεγχος 7.144 datasets, 05/08/2026). Πηγή: aeitei.gr, mirror υπουργικών αρχείων — ΑΝΕΠΙΣΗΜΟ. Επαληθεύτηκε σε 13/13 τμήματα 1ου πεδίου έναντι ανεξάρτητης άντλησης."
354,7970,1ο,ΠΟΛΙΤΙΣΜΙΚΗΣ ΤΕΧΝΟΛΟΓΙΑΣ ΚΑΙ ΕΠΙΚΟΙΝΩΝΙΑΣ (ΜΥΤΙΛΗΝΗ),Μυτιλήνη,8355.0,-385.0,MIRROR_UNOFFICIAL,BASE_ONLY,"ΜΟΝΟ ΒΑΣΗ. Θέσεις/εισαχθέντες/κενές 2026 ΔΕΝ διαθέσιμα: το data.gov.gr δεν έχει dataset βάσεων 2026 (έλεγχος 7.144 datasets, 05/08/2026). Πηγή: aeitei.gr, mirror υπουργικών αρχείων — ΑΝΕΠΙΣΗΜΟ. Επαληθεύτηκε σε 13/13 τμήματα 1ου πεδίου έναντι ανεξάρτητης άντλησης."
231,20995,2ο,ΑΡΧΙΤΕΚΤΟΝΩΝ ΜΗΧΑΝΙΚΩΝ (ΑΘΗΝΑ),Αθήνα,20380.0,615.0,MIRROR_UNOFFICIAL,BASE_ONLY,"ΜΟΝΟ ΒΑΣΗ. Θέσεις/εισαχθέντες/κενές 2026 ΔΕΝ διαθέσιμα: το data.gov.gr δεν έχει dataset βάσεων 2026 (έλεγχος 7.144 datasets, 05/08/2026). Πηγή: aeitei.gr, mirror υπουργικών αρχείων — ΑΝΕΠΙΣΗΜΟ. Επαληθεύτηκε σε 13/13 τμήματα 1ου πεδίου έναντι ανεξάρτητης άντλησης."
232,19228,2ο,ΑΡΧΙΤΕΚΤΟΝΩΝ ΜΗΧΑΝΙΚΩΝ (ΠΑΤΡΑ),Πάτρα,18690.0,538.0,MIRROR_UNOFFICIAL,BASE_ONLY,"ΜΟΝΟ ΒΑΣΗ. Θέσεις/εισαχθέντες/κενές 2026 ΔΕΝ διαθέσιμα: το data.gov.gr δεν έχει dataset βάσεων 2026 (έλεγχος 7.144 datasets, 05/08/2026). Πηγή: aeitei.gr, mirror υπουργικών αρχείων — ΑΝΕΠΙΣΗΜΟ. Επαληθεύτηκε σε 13/13 τμήματα 1ου πεδίου έναντι ανεξάρτητης άντλησης."
233,19130,2ο,ΑΡΧΙΤΕΚΤΟΝΩΝ ΜΗΧΑΝΙΚΩΝ (ΘΕΣΣΑΛΟΝΙΚΗ),Θεσσαλονίκη,18135.0,995.0,MIRROR_UNOFFICIAL,BASE_ONLY,"ΜΟΝΟ ΒΑΣΗ. Θέσεις/εισαχθέντες/κενές 2026 ΔΕΝ διαθέσιμα: το data.gov.gr δεν έχει dataset βάσεων 2026 (έλεγχος 7.144 datasets, 05/08/2026). Πηγή: aeitei.gr, mirror υπουργικών αρχείων — ΑΝΕΠΙΣΗΜΟ. Επαληθεύτηκε σε 13/13 τμήματα 1ου πεδίου έναντι ανεξάρτητης άντλησης."
217,18880,2ο,ΗΛΕΚΤΡΟΛΟΓΩΝ ΜΗΧΑΝΙΚΩΝ ΚΑΙ ΜΗΧΑΝΙΚΩΝ ΥΠΟΛΟΓΙΣΤΩΝ (ΑΘΗΝΑ),Αθήνα,18390.0,490.0,MIRROR_UNOFFICIAL,BASE_ONLY,"ΜΟΝΟ ΒΑΣΗ. Θέσεις/εισαχθέντες/κενές 2026 ΔΕΝ διαθέσιμα: το data.gov.gr δεν έχει dataset βάσεων 2026 (έλεγχος 7.144 datasets, 05/08/2026). Πηγή: aeitei.gr, mirror υπουργικών αρχείων — ΑΝΕΠΙΣΗΜΟ. Επαληθεύτηκε σε 13/13 τμήματα 1ου πεδίου έναντι ανεξάρτητης άντλησης."
209,18738,2ο,ΜΗΧΑΝΟΛΟΓΩΝ ΜΗΧΑΝΙΚΩΝ (ΑΘΗΝΑ),Αθήνα,18128.0,610.0,MIRROR_UNOFFICIAL,BASE_ONLY,"ΜΟΝΟ ΒΑΣΗ. Θέσεις/εισαχθέντες/κενές 2026 ΔΕΝ διαθέσιμα: το data.gov.gr δεν έχει dataset βάσεων 2026 (έλεγχος 7.144 datasets, 05/08/2026). Πηγή: aeitei.gr, mirror υπουργικών αρχείων — ΑΝΕΠΙΣΗΜΟ. Επαληθεύτηκε σε 13/13 τμήματα 1ου πεδίου έναντι ανεξάρτητης άντλησης."
889,18600,2ο,ΠΛΗΡΟΦΟΡΙΚΗΣ (ΣΣΑΣ) ΘΕΣ/ΝΙΚΗ,Σσας,18240.0,360.0,MIRROR_UNOFFICIAL,BASE_ONLY,"ΜΟΝΟ ΒΑΣΗ. Θέσεις/εισαχθέντες/κενές 2026 ΔΕΝ διαθέσιμα: το data.gov.gr δεν έχει dataset βάσεων 2026 (έλεγχος 7.144 datasets, 05/08/2026). Πηγή: aeitei.gr, mirror υπουργικών αρχείων — ΑΝΕΠΙΣΗΜΟ. Επαληθεύτηκε σε 13/13 τμήματα 1ου πεδίου έναντι ανεξάρτητης άντλησης."
229,18590,2ο,ΝΑΥΠΗΓΩΝ ΜΗΧΑΝΟΛΟΓΩΝ ΜΗΧΑΝΙΚΩΝ (ΑΘΗΝΑ),Αθήνα,17840.0,750.0,MIRROR_UNOFFICIAL,BASE_ONLY,"ΜΟΝΟ ΒΑΣΗ. Θέσεις/εισαχθέντες/κενές 2026 ΔΕΝ διαθέσιμα: το data.gov.gr δεν έχει dataset βάσεων 2026 (έλεγχος 7.144 datasets, 05/08/2026). Πηγή: aeitei.gr, mirror υπουργικών αρχείων — ΑΝΕΠΙΣΗΜΟ. Επαληθεύτηκε σε 13/13 τμήματα 1ου πεδίου έναντι ανεξάρτητης άντλησης."
219,18550,2ο,ΗΛΕΚΤΡΟΛΟΓΩΝ ΜΗΧΑΝΙΚΩΝ ΚΑΙ ΜΗΧΑΝΙΚΩΝ ΥΠΟΛΟΓΙΣΤΩΝ (ΘΕΣΣΑΛΟΝΙΚΗ),Θεσσαλονίκη,17960.0,590.0,MIRROR_UNOFFICIAL,BASE_ONLY,"ΜΟΝΟ ΒΑΣΗ. Θέσεις/εισαχθέντες/κενές 2026 ΔΕΝ διαθέσιμα: το data.gov.gr δεν έχει dataset βάσεων 2026 (έλεγχος 7.144 datasets, 05/08/2026). Πηγή: aeitei.gr, mirror υπουργικών αρχείων — ΑΝΕΠΙΣΗΜΟ. Επαληθεύτηκε σε 13/13 τμήματα 1ου πεδίου έναντι ανεξάρτητης άντλησης."
235,18455,2ο,ΧΗΜΙΚΩΝ ΜΗΧΑΝΙΚΩΝ (ΑΘΗΝΑ),Αθήνα,17775.0,680.0,MIRROR_UNOFFICIAL,BASE_ONLY,"ΜΟΝΟ ΒΑΣΗ. Θέσεις/εισαχθέντες/κενές 2026 ΔΕΝ διαθέσιμα: το data.gov.gr δεν έχει dataset βάσεων 2026 (έλεγχος 7.144 datasets, 05/08/2026). Πηγή: aeitei.gr, mirror υπουργικών αρχείων — ΑΝΕΠΙΣΗΜΟ. Επαληθεύτηκε σε 13/13 τμήματα 1ου πεδίου έναντι ανεξάρτητης άντλησης."
240,18425,2ο,ΔΙΟΙΚΗΤΙΚΗΣ ΕΠΙΣΤΗΜΗΣ ΚΑΙ ΤΕΧΝΟΛΟΓΙΑΣ (ΑΘΗΝΑ),Αθήνα,18400.0,25.0,MIRROR_UNOFFICIAL,BASE_ONLY,"ΜΟΝΟ ΒΑΣΗ. Θέσεις/εισαχθέντες/κενές 2026 ΔΕΝ διαθέσιμα: το data.gov.gr δεν έχει dataset βάσεων 2026 (έλεγχος 7.144 datasets, 05/08/2026). Πηγή: aeitei.gr, mirror υπουργικών αρχείων — ΑΝΕΠΙΣΗΜΟ. Επαληθεύτηκε σε 13/13 τμήματα 1ου πεδίου έναντι ανεξάρτητης άντλησης."
236,18230,2ο,ΑΡΧΙΤΕΚΤΟΝΩΝ ΜΗΧΑΝΙΚΩΝ (ΒΟΛΟΣ),Βόλος,17105.0,1125.0,MIRROR_UNOFFICIAL,BASE_ONLY,"ΜΟΝΟ ΒΑΣΗ. Θέσεις/εισαχθέντες/κενές 2026 ΔΕΝ διαθέσιμα: το data.gov.gr δεν έχει dataset βάσεων 2026 (έλεγχος 7.144 datasets, 05/08/2026). Πηγή: aeitei.gr, mirror υπουργικών αρχείων — ΑΝΕΠΙΣΗΜΟ. Επαληθεύτηκε σε 13/13 τμήματα 1ου πεδίου έναντι ανεξάρτητης άντλησης."
211,18225,2ο,ΜΗΧΑΝΟΛΟΓΩΝ ΜΗΧΑΝΙΚΩΝ (ΘΕΣΣΑΛΟΝΙΚΗ),Θεσσαλονίκη,17525.0,700.0,MIRROR_UNOFFICIAL,BASE_ONLY,"ΜΟΝΟ ΒΑΣΗ. Θέσεις/εισαχθέντες/κενές 2026 ΔΕΝ διαθέσιμα: το data.gov.gr δεν έχει dataset βάσεων 2026 (έλεγχος 7.144 datasets, 05/08/2026). Πηγή: aeitei.gr, mirror υπουργικών αρχείων — ΑΝΕΠΙΣΗΜΟ. Επαληθεύτηκε σε 13/13 τμήματα 1ου πεδίου έναντι ανεξάρτητης άντλησης."
213,18120,2ο,ΜΗΧΑΝΟΛΟΓΩΝ ΚΑΙ ΑΕΡΟΝΑΥΠΗΓΩΝ ΜΗΧΑΝΙΚΩΝ - ΠΑΝ. ΠΑΤΡΩΝ (ΠΑΤΡΑ),Πάτρα,17130.0,990.0,MIRROR_UNOFFICIAL,BASE_ONLY,"ΜΟΝΟ ΒΑΣΗ. Θέσεις/εισαχθέντες/κενές 2026 ΔΕΝ διαθέσιμα: το data.gov.gr δεν έχει dataset βάσεων 2026 (έλεγχος 7.144 datasets, 05/08/2026). Πηγή: aeitei.gr, mirror υπουργικών αρχείων — ΑΝΕΠΙΣΗΜΟ. Επαληθεύτηκε σε 13/13 τμήματα 1ου πεδίου έναντι ανεξάρτητης άντλησης."
201,18088,2ο,ΠΟΛΙΤΙΚΩΝ ΜΗΧΑΝΙΚΩΝ (ΑΘΗΝΑ),Αθήνα,17265.0,823.0,MIRROR_UNOFFICIAL,BASE_ONLY,"ΜΟΝΟ ΒΑΣΗ. Θέσεις/εισαχθέντες/κενές 2026 ΔΕΝ διαθέσιμα: το data.gov.gr δεν έχει dataset βάσεων 2026 (έλεγχος 7.144 datasets, 05/08/2026). Πηγή: aeitei.gr, mirror υπουργικών αρχείων — ΑΝΕΠΙΣΗΜΟ. Επαληθεύτηκε σε 13/13 τμήματα 1ου πεδίου έναντι ανεξάρτητης άντλησης."
779,17955,2ο,ΑΡΧΙΤΕΚΤΟΝΩΝ ΜΗΧΑΝΙΚΩΝ (ΙΩΑΝΝΙΝΑ),Ιωάννινα,16785.0,1170.0,MIRROR_UNOFFICIAL,BASE_ONLY,"ΜΟΝΟ ΒΑΣΗ. Θέσεις/εισαχθέντες/κενές 2026 ΔΕΝ διαθέσιμα: το data.gov.gr δεν έχει dataset βάσεων 2026 (έλεγχος 7.144 datasets, 05/08/2026). Πηγή: aeitei.gr, mirror υπουργικών αρχείων — ΑΝΕΠΙΣΗΜΟ. Επαληθεύτηκε σε 13/13 τμήματα 1ου πεδίου έναντι ανεξάρτητης άντλησης."
332,17770,2ο,ΜΗΧΑΝΟΛΟΓΩΝ ΜΗΧΑΝΙΚΩΝ (ΒΟΛΟΣ),Βόλος,16580.0,1190.0,MIRROR_UNOFFICIAL,BASE_ONLY,"ΜΟΝΟ ΒΑΣΗ. Θέσεις/εισαχθέντες/κενές 2026 ΔΕΝ διαθέσιμα: το data.gov.gr δεν έχει dataset βάσεων 2026 (έλεγχος 7.144 datasets, 05/08/2026). Πηγή: aeitei.gr, mirror υπουργικών αρχείων — ΑΝΕΠΙΣΗΜΟ. Επαληθεύτηκε σε 13/13 τμήματα 1ου πεδίου έναντι ανεξάρτητης άντλησης."
237,17765,2ο,ΧΗΜΙΚΩΝ ΜΗΧΑΝΙΚΩΝ (ΘΕΣΣΑΛΟΝΙΚΗ),Θεσσαλονίκη,17000.0,765.0,MIRROR_UNOFFICIAL,BASE_ONLY,"ΜΟΝΟ ΒΑΣΗ. Θέσεις/εισαχθέντες/κενές 2026 ΔΕΝ διαθέσιμα: το data.gov.gr δεν έχει dataset βάσεων 2026 (έλεγχος 7.144 datasets, 05/08/2026). Πηγή: aeitei.gr, mirror υπουργικών αρχείων — ΑΝΕΠΙΣΗΜΟ. Επαληθεύτηκε σε 13/13 τμήματα 1ου πεδίου έναντι ανεξάρτητης άντλησης."
263,17750,2ο,ΧΗΜΕΙΑΣ (ΑΘΗΝΑ),Αθήνα,17275.0,475.0,MIRROR_UNOFFICIAL,BASE_ONLY,"ΜΟΝΟ ΒΑΣΗ. Θέσεις/εισαχθέντες/κενές 2026 ΔΕΝ διαθέσιμα: το data.gov.gr δεν έχει dataset βάσεων 2026 (έλεγχος 7.144 datasets, 05/08/2026). Πηγή: aeitei.gr, mirror υπουργικών αρχείων — ΑΝΕΠΙΣΗΜΟ. Επαληθεύτηκε σε 13/13 τμήματα 1ου πεδίου έναντι ανεξάρτητης άντλησης."
338,17740,2ο,ΠΛΗΡΟΦΟΡΙΚΗΣ (ΘΕΣΣΑΛΟΝΙΚΗ),Θεσσαλονίκη,17720.0,20.0,MIRROR_UNOFFICIAL,BASE_ONLY,"ΜΟΝΟ ΒΑΣΗ. Θέσεις/εισαχθέντες/κενές 2026 ΔΕΝ διαθέσιμα: το data.gov.gr δεν έχει dataset βάσεων 2026 (έλεγχος 7.144 datasets, 05/08/2026). Πηγή: aeitei.gr, mirror υπουργικών αρχείων — ΑΝΕΠΙΣΗΜΟ. Επαληθεύτηκε σε 13/13 τμήματα 1ου πεδίου έναντι ανεξάρτητης άντλησης."
277,17695,2ο,ΒΙΟΛΟΓΙΑΣ (ΑΘΗΝΑ),Αθήνα,17428.0,267.0,MIRROR_UNOFFICIAL,BASE_ONLY,"ΜΟΝΟ ΒΑΣΗ. Θέσεις/εισαχθέντες/κενές 2026 ΔΕΝ διαθέσιμα: το data.gov.gr δεν έχει dataset βάσεων 2026 (έλεγχος 7.144 datasets, 05/08/2026). Πηγή: aeitei.gr, mirror υπουργικών αρχείων — ΑΝΕΠΙΣΗΜΟ. Επαληθεύτηκε σε 13/13 τμήματα 1ου πεδίου έναντι ανεξάρτητης άντλησης."
333,17680,2ο,ΠΛΗΡΟΦΟΡΙΚΗΣ (ΑΘΗΝΑ),Αθήνα,17590.0,90.0,MIRROR_UNOFFICIAL,BASE_ONLY,"ΜΟΝΟ ΒΑΣΗ. Θέσεις/εισαχθέντες/κενές 2026 ΔΕΝ διαθέσιμα: το data.gov.gr δεν έχει dataset βάσεων 2026 (έλεγχος 7.144 datasets, 05/08/2026). Πηγή: aeitei.gr, mirror υπουργικών αρχείων — ΑΝΕΠΙΣΗΜΟ. Επαληθεύτηκε σε 13/13 τμήματα 1ου πεδίου έναντι ανεξάρτητης άντλησης."
279,17551,2ο,ΒΙΟΛΟΓΙΑΣ (ΘΕΣΣΑΛΟΝΙΚΗ),Θεσσαλονίκη,17190.0,361.0,MIRROR_UNOFFICIAL,BASE_ONLY,"ΜΟΝΟ ΒΑΣΗ. Θέσεις/εισαχθέντες/κενές 2026 ΔΕΝ διαθέσιμα: το data.gov.gr δεν έχει dataset βάσεων 2026 (έλεγχος 7.144 datasets, 05/08/2026). Πηγή: aeitei.gr, mirror υπουργικών αρχείων — ΑΝΕΠΙΣΗΜΟ. Επαληθεύτηκε σε 13/13 τμήματα 1ου πεδίου έναντι ανεξάρτητης άντλησης."
221,17520,2ο,ΗΛΕΚΤΡΟΛΟΓΩΝ ΜΗΧΑΝΙΚΩΝ ΚΑΙ ΤΕΧΝΟΛΟΓΙΑΣ ΥΠΟΛΟΓΙΣΤΩΝ - ΠΑΝ. ΠΑΤΡΩΝ (ΠΑΤΡΑ),Πάτρα,16575.0,945.0,MIRROR_UNOFFICIAL,BASE_ONLY,"ΜΟΝΟ ΒΑΣΗ. Θέσεις/εισαχθέντες/κενές 2026 ΔΕΝ διαθέσιμα: το data.gov.gr δεν έχει dataset βάσεων 2026 (έλεγχος 7.144 datasets, 05/08/2026). Πηγή: aeitei.gr, mirror υπουργικών αρχείων — ΑΝΕΠΙΣΗΜΟ. Επαληθεύτηκε σε 13/13 τμήματα 1ου πεδίου έναντι ανεξάρτητης άντλησης."
826,17295,2ο,ΙΚΑΡΩΝ (ΣΙ) ΜΗΧΑΝΙΚΟΙ (ΣΜΑ),Σι,16335.0,960.0,MIRROR_UNOFFICIAL,BASE_ONLY,"ΜΟΝΟ ΒΑΣΗ. Θέσεις/εισαχθέντες/κενές 2026 ΔΕΝ διαθέσιμα: το data.gov.gr δεν έχει dataset βάσεων 2026 (έλεγχος 7.144 datasets, 05/08/2026). Πηγή: aeitei.gr, mirror υπουργικών αρχείων — ΑΝΕΠΙΣΗΜΟ. Επαληθεύτηκε σε 13/13 τμήματα 1ου πεδίου έναντι ανεξάρτητης άντλησης."
265,17215,2ο,ΧΗΜΕΙΑΣ (ΘΕΣΣΑΛΟΝΙΚΗ),Θεσσαλονίκη,16590.0,625.0,MIRROR_UNOFFICIAL,BASE_ONLY,"ΜΟΝΟ ΒΑΣΗ. Θέσεις/εισαχθέντες/κενές 2026 ΔΕΝ διαθέσιμα: το data.gov.gr δεν έχει dataset βάσεων 2026 (έλεγχος 7.144 datasets, 05/08/2026). Πηγή: aeitei.gr, mirror υπουργικών αρχείων — ΑΝΕΠΙΣΗΜΟ. Επαληθεύτηκε σε 13/13 τμήματα 1ου πεδίου έναντι ανεξάρτητης άντλησης."
884,17200,2ο,ΙΚΑΡΩΝ (ΣΙ) ΜΕΤΕΩΡΟΛΟΓΩΝ,Σι,17025.0,175.0,MIRROR_UNOFFICIAL,BASE_ONLY,"ΜΟΝΟ ΒΑΣΗ. Θέσεις/εισαχθέντες/κενές 2026 ΔΕΝ διαθέσιμα: το data.gov.gr δεν έχει dataset βάσεων 2026 (έλεγχος 7.144 datasets, 05/08/2026). Πηγή: aeitei.gr, mirror υπουργικών αρχείων — ΑΝΕΠΙΣΗΜΟ. Επαληθεύτηκε σε 13/13 τμήματα 1ου πεδίου έναντι ανεξάρτητης άντλησης."
281,17138,2ο,ΒΙΟΛΟΓΙΑΣ (ΠΑΤΡΑ),Πάτρα,16746.0,392.0,MIRROR_UNOFFICIAL,BASE_ONLY,"ΜΟΝΟ ΒΑΣΗ. Θέσεις/εισαχθέντες/κενές 2026 ΔΕΝ διαθέσιμα: το data.gov.gr δεν έχει dataset βάσεων 2026 (έλεγχος 7.144 datasets, 05/08/2026). Πηγή: aeitei.gr, mirror υπουργικών αρχείων — ΑΝΕΠΙΣΗΜΟ. Επαληθεύτηκε σε 13/13 τμήματα 1ου πεδίου έναντι ανεξάρτητης άντλησης."
239,17120,2ο,ΧΗΜΙΚΩΝ ΜΗΧΑΝΙΚΩΝ (ΠΑΤΡΑ),Πάτρα,16275.0,845.0,MIRROR_UNOFFICIAL,BASE_ONLY,"ΜΟΝΟ ΒΑΣΗ. Θέσεις/εισαχθέντες/κενές 2026 ΔΕΝ διαθέσιμα: το data.gov.gr δεν έχει dataset βάσεων 2026 (έλεγχος 7.144 datasets, 05/08/2026). Πηγή: aeitei.gr, mirror υπουργικών αρχείων — ΑΝΕΠΙΣΗΜΟ. Επαληθεύτηκε σε 13/13 τμήματα 1ου πεδίου έναντι ανεξάρτητης άντλησης."
203,17055,2ο,ΠΟΛΙΤΙΚΩΝ ΜΗΧΑΝΙΚΩΝ (ΘΕΣΣΑΛΟΝΙΚΗ),Θεσσαλονίκη,15850.0,1205.0,MIRROR_UNOFFICIAL,BASE_ONLY,"ΜΟΝΟ ΒΑΣΗ. Θέσεις/εισαχθέντες/κενές 2026 ΔΕΝ διαθέσιμα: το data.gov.gr δεν έχει dataset βάσεων 2026 (έλεγχος 7.144 datasets, 05/08/2026). Πηγή: aeitei.gr, mirror υπουργικών αρχείων — ΑΝΕΠΙΣΗΜΟ. Επαληθεύτηκε σε 13/13 τμήματα 1ου πεδίου έναντι ανεξάρτητης άντλησης."
220,17015,2ο,ΗΛΕΚΤΡΟΛΟΓΩΝ ΜΗΧΑΝΙΚΩΝ ΚΑΙ ΜΗΧΑΝΙΚΩΝ ΥΠΟΛΟΓΙΣΤΩΝ (ΒΟΛΟΣ),Βόλος,16000.0,1015.0,MIRROR_UNOFFICIAL,BASE_ONLY,"ΜΟΝΟ ΒΑΣΗ. Θέσεις/εισαχθέντες/κενές 2026 ΔΕΝ διαθέσιμα: το data.gov.gr δεν έχει dataset βάσεων 2026 (έλεγχος 7.144 datasets, 05/08/2026). Πηγή: aeitei.gr, mirror υπουργικών αρχείων — ΑΝΕΠΙΣΗΜΟ. Επαληθεύτηκε σε 13/13 τμήματα 1ου πεδίου έναντι ανεξάρτητης άντλησης."
330,17015,2ο,ΠΛΗΡΟΦΟΡΙΚΗΣ ΚΑΙ ΤΗΛΕΠΙΚΟΙΝΩΝΙΩΝ (ΑΘΗΝΑ),Αθήνα,16955.0,60.0,MIRROR_UNOFFICIAL,BASE_ONLY,"ΜΟΝΟ ΒΑΣΗ. Θέσεις/εισαχθέντες/κενές 2026 ΔΕΝ διαθέσιμα: το data.gov.gr δεν έχει dataset βάσεων 2026 (έλεγχος 7.144 datasets, 05/08/2026). Πηγή: aeitei.gr, mirror υπουργικών αρχείων — ΑΝΕΠΙΣΗΜΟ. Επαληθεύτηκε σε 13/13 τμήματα 1ου πεδίου έναντι ανεξάρτητης άντλησης."
1211,16975,2ο,ΕΦΑΡΜΟΣΜΕΝΗΣ ΠΛΗΡΟΦΟΡΙΚΗΣ - ΕΠΙΣΤΗΜΗ ΚΑΙ ΤΕΧΝΟΛΟΓΙΑ ΥΠΟΛΟΓΙΣΤΩΝ (ΘΕΣΣΑΛΟΝΙΚΗ),Θεσσαλονίκη,16915.0,60.0,MIRROR_UNOFFICIAL,BASE_ONLY,"ΜΟΝΟ ΒΑΣΗ. Θέσεις/εισαχθέντες/κενές 2026 ΔΕΝ διαθέσιμα: το data.gov.gr δεν έχει dataset βάσεων 2026 (έλεγχος 7.144 datasets, 05/08/2026). Πηγή: aeitei.gr, mirror υπουργικών αρχείων — ΑΝΕΠΙΣΗΜΟ. Επαληθεύτηκε σε 13/13 τμήματα 1ου πεδίου έναντι ανεξάρτητης άντλησης."
392,16912,2ο,ΜΗΧΑΝΟΛΟΓΩΝ ΜΗΧΑΝΙΚΩΝ (ΑΙΓΑΛΕΩ),Αιγάλεω,15477.0,1435.0,MIRROR_UNOFFICIAL,BASE_ONLY,"ΜΟΝΟ ΒΑΣΗ. Θέσεις/εισαχθέντες/κενές 2026 ΔΕΝ διαθέσιμα: το data.gov.gr δεν έχει dataset βάσεων 2026 (έλεγχος 7.144 datasets, 05/08/2026). Πηγή: aeitei.gr, mirror υπουργικών αρχείων — ΑΝΕΠΙΣΗΜΟ. Επαληθεύτηκε σε 13/13 τμήματα 1ου πεδίου έναντι ανεξάρτητης άντλησης."
282,16908,2ο,ΒΙΟΛΟΓΙΑΣ (ΗΡΑΚΛΕΙΟ),Ηράκλειο,16430.0,478.0,MIRROR_UNOFFICIAL,BASE_ONLY,"ΜΟΝΟ ΒΑΣΗ. Θέσεις/εισαχθέντες/κενές 2026 ΔΕΝ διαθέσιμα: το data.gov.gr δεν έχει dataset βάσεων 2026 (έλεγχος 7.144 datasets, 05/08/2026). Πηγή: aeitei.gr, mirror υπουργικών αρχείων — ΑΝΕΠΙΣΗΜΟ. Επαληθεύτηκε σε 13/13 τμήματα 1ου πεδίου έναντι ανεξάρτητης άντλησης."
290,16895,2ο,ΜΟΡΙΑΚΗΣ ΒΙΟΛΟΓΙΑΣ ΚΑΙ ΓΕΝΕΤΙΚΗΣ (ΑΛΕΞΑΝΔΡΟΥΠΟΛΗ),Αλεξανδρούπολη,16595.0,300.0,MIRROR_UNOFFICIAL,BASE_ONLY,"ΜΟΝΟ ΒΑΣΗ. Θέσεις/εισαχθέντες/κενές 2026 ΔΕΝ διαθέσιμα: το data.gov.gr δεν έχει dataset βάσεων 2026 (έλεγχος 7.144 datasets, 05/08/2026). Πηγή: aeitei.gr, mirror υπουργικών αρχείων — ΑΝΕΠΙΣΗΜΟ. Επαληθεύτηκε σε 13/13 τμήματα 1ου πεδίου έναντι ανεξάρτητης άντλησης."
246,16870,2ο,ΕΦΑΡΜΟΣΜΕΝΩΝ ΜΑΘΗΜΑΤΙΚΩΝ ΚΑΙ ΦΥΣΙΚΩΝ ΕΠΙΣΤΗΜΩΝ (ΑΘΗΝΑ),Αθήνα,15860.0,1010.0,MIRROR_UNOFFICIAL,BASE_ONLY,"ΜΟΝΟ ΒΑΣΗ. Θέσεις/εισαχθέντες/κενές 2026 ΔΕΝ διαθέσιμα: το data.gov.gr δεν έχει dataset βάσεων 2026 (έλεγχος 7.144 datasets, 05/08/2026). Πηγή: aeitei.gr, mirror υπουργικών αρχείων — ΑΝΕΠΙΣΗΜΟ. Επαληθεύτηκε σε 13/13 τμήματα 1ου πεδίου έναντι ανεξάρτητης άντλησης."
339,16870,2ο,ΠΛΗΡΟΦΟΡΙΚΗΣ (ΠΕΙΡΑΙΑΣ),Πειραιάς,16935.0,-65.0,MIRROR_UNOFFICIAL,BASE_ONLY,"ΜΟΝΟ ΒΑΣΗ. Θέσεις/εισαχθέντες/κενές 2026 ΔΕΝ διαθέσιμα: το data.gov.gr δεν έχει dataset βάσεων 2026 (έλεγχος 7.144 datasets, 05/08/2026). Πηγή: aeitei.gr, mirror υπουργικών αρχείων — ΑΝΕΠΙΣΗΜΟ. Επαληθεύτηκε σε 13/13 τμήματα 1ου πεδίου έναντι ανεξάρτητης άντλησης."
1212,16855,2ο,ΕΦΑΡΜΟΣΜΕΝΗΣ ΠΛΗΡΟΦΟΡΙΚΗΣ - ΠΛΗΡΟΦΟΡΙΑΚΑ ΣΥΣΤΗΜΑΤΑ (ΘΕΣΣΑΛΟΝΙΚΗ),Θεσσαλονίκη,16705.0,150.0,MIRROR_UNOFFICIAL,BASE_ONLY,"ΜΟΝΟ ΒΑΣΗ. Θέσεις/εισαχθέντες/κενές 2026 ΔΕΝ διαθέσιμα: το data.gov.gr δεν έχει dataset βάσεων 2026 (έλεγχος 7.144 datasets, 05/08/2026). Πηγή: aeitei.gr, mirror υπουργικών αρχείων — ΑΝΕΠΙΣΗΜΟ. Επαληθεύτηκε σε 13/13 τμήματα 1ου πεδίου έναντι ανεξάρτητης άντλησης."
234,16765,2ο,ΑΡΧΙΤΕΚΤΟΝΩΝ ΜΗΧΑΝΙΚΩΝ (ΞΑΝΘΗ),Ξάνθη,15575.0,1190.0,MIRROR_UNOFFICIAL,BASE_ONLY,"ΜΟΝΟ ΒΑΣΗ. Θέσεις/εισαχθέντες/κενές 2026 ΔΕΝ διαθέσιμα: το data.gov.gr δεν έχει dataset βάσεων 2026 (έλεγχος 7.144 datasets, 05/08/2026). Πηγή: aeitei.gr, mirror υπουργικών αρχείων — ΑΝΕΠΙΣΗΜΟ. Επαληθεύτηκε σε 13/13 τμήματα 1ου πεδίου έναντι ανεξάρτητης άντλησης."
267,16740,2ο,ΧΗΜΕΙΑΣ (ΠΑΤΡΑ),Πάτρα,16240.0,500.0,MIRROR_UNOFFICIAL,BASE_ONLY,"ΜΟΝΟ ΒΑΣΗ. Θέσεις/εισαχθέντες/κενές 2026 ΔΕΝ διαθέσιμα: το data.gov.gr δεν έχει dataset βάσεων 2026 (έλεγχος 7.144 datasets, 05/08/2026). Πηγή: aeitei.gr, mirror υπουργικών αρχείων — ΑΝΕΠΙΣΗΜΟ. Επαληθεύτηκε σε 13/13 τμήματα 1ου πεδίου έναντι ανεξάρτητης άντλησης."
280,16625,2ο,ΒΙΟΛΟΓΙΚΩΝ ΕΦΑΡΜΟΓΩΝ ΚΑΙ ΤΕΧΝΟΛΟΓΙΩΝ (ΙΩΑΝΝΙΝΑ),Ιωάννινα,16260.0,365.0,MIRROR_UNOFFICIAL,BASE_ONLY,"ΜΟΝΟ ΒΑΣΗ. Θέσεις/εισαχθέντες/κενές 2026 ΔΕΝ διαθέσιμα: το data.gov.gr δεν έχει dataset βάσεων 2026 (έλεγχος 7.144 datasets, 05/08/2026). Πηγή: aeitei.gr, mirror υπουργικών αρχείων — ΑΝΕΠΙΣΗΜΟ. Επαληθεύτηκε σε 13/13 τμήματα 1ου πεδίου έναντι ανεξάρτητης άντλησης."
269,16435,2ο,ΧΗΜΕΙΑΣ (ΙΩΑΝΝΙΝΑ),Ιωάννινα,15570.0,865.0,MIRROR_UNOFFICIAL,BASE_ONLY,"ΜΟΝΟ ΒΑΣΗ. Θέσεις/εισαχθέντες/κενές 2026 ΔΕΝ διαθέσιμα: το data.gov.gr δεν έχει dataset βάσεων 2026 (έλεγχος 7.144 datasets, 05/08/2026). Πηγή: aeitei.gr, mirror υπουργικών αρχείων — ΑΝΕΠΙΣΗΜΟ. Επαληθεύτηκε σε 13/13 τμήματα 1ου πεδίου έναντι ανεξάρτητης άντλησης."
827,16420,2ο,ΙΚΑΡΩΝ (ΣΙ) ΕΛΕΓΚΤΕΣ ΑΕΡΑΜΥΝΑΣ,Σι,15305.0,1115.0,MIRROR_UNOFFICIAL,BASE_ONLY,"ΜΟΝΟ ΒΑΣΗ. Θέσεις/εισαχθέντες/κενές 2026 ΔΕΝ διαθέσιμα: το data.gov.gr δεν έχει dataset βάσεων 2026 (έλεγχος 7.144 datasets, 05/08/2026). Πηγή: aeitei.gr, mirror υπουργικών αρχείων — ΑΝΕΠΙΣΗΜΟ. Επαληθεύτηκε σε 13/13 τμήματα 1ου πεδίου έναντι ανεξάρτητης άντλησης."
284,16380,2ο,ΒΙΟΧΗΜΕΙΑΣ ΚΑΙ ΒΙΟΤΕΧΝΟΛΟΓΙΑΣ (ΛΑΡΙΣΑ),Λάρισα,16030.0,350.0,MIRROR_UNOFFICIAL,BASE_ONLY,"ΜΟΝΟ ΒΑΣΗ. Θέσεις/εισαχθέντες/κενές 2026 ΔΕΝ διαθέσιμα: το data.gov.gr δεν έχει dataset βάσεων 2026 (έλεγχος 7.144 datasets, 05/08/2026). Πηγή: aeitei.gr, mirror υπουργικών αρχείων — ΑΝΕΠΙΣΗΜΟ. Επαληθεύτηκε σε 13/13 τμήματα 1ου πεδίου έναντι ανεξάρτητης άντλησης."
393,16360,2ο,ΝΑΥΠΗΓΩΝ ΜΗΧΑΝΙΚΩΝ (ΑΙΓΑΛΕΩ),Αιγάλεω,14850.0,1510.0,MIRROR_UNOFFICIAL,BASE_ONLY,"ΜΟΝΟ ΒΑΣΗ. Θέσεις/εισαχθέντες/κενές 2026 ΔΕΝ διαθέσιμα: το data.gov.gr δεν έχει dataset βάσεων 2026 (έλεγχος 7.144 datasets, 05/08/2026). Πηγή: aeitei.gr, mirror υπουργικών αρχείων — ΑΝΕΠΙΣΗΜΟ. Επαληθεύτηκε σε 13/13 τμήματα 1ου πεδίου έναντι ανεξάρτητης άντλησης."
412,16360,2ο,ΠΛΗΡΟΦΟΡΙΚΗΣ ΚΑΙ ΤΗΛΕΜΑΤΙΚΗΣ (ΑΘΗΝΑ),Αθήνα,16320.0,40.0,MIRROR_UNOFFICIAL,BASE_ONLY,"ΜΟΝΟ ΒΑΣΗ. Θέσεις/εισαχθέντες/κενές 2026 ΔΕΝ διαθέσιμα: το data.gov.gr δεν έχει dataset βάσεων 2026 (έλεγχος 7.144 datasets, 05/08/2026). Πηγή: aeitei.gr, mirror υπουργικών αρχείων — ΑΝΕΠΙΣΗΜΟ. Επαληθεύτηκε σε 13/13 τμήματα 1ου πεδίου έναντι ανεξάρτητης άντλησης."
205,16320,2ο,ΠΟΛΙΤΙΚΩΝ ΜΗΧΑΝΙΚΩΝ - ΠΑΝ. ΠΑΤΡΩΝ (ΠΑΤΡΑ),Πάτρα,14545.0,1775.0,MIRROR_UNOFFICIAL,BASE_ONLY,"ΜΟΝΟ ΒΑΣΗ. Θέσεις/εισαχθέντες/κενές 2026 ΔΕΝ διαθέσιμα: το data.gov.gr δεν έχει dataset βάσεων 2026 (έλεγχος 7.144 datasets, 05/08/2026). Πηγή: aeitei.gr, mirror υπουργικών αρχείων — ΑΝΕΠΙΣΗΜΟ. Επαληθεύτηκε σε 13/13 τμήματα 1ου πεδίου έναντι ανεξάρτητης άντλησης."
325,16285,2ο,ΒΙΟΤΕΧΝΟΛΟΓΙΑΣ (ΑΘΗΝΑ),Αθήνα,15870.0,415.0,MIRROR_UNOFFICIAL,BASE_ONLY,"ΜΟΝΟ ΒΑΣΗ. Θέσεις/εισαχθέντες/κενές 2026 ΔΕΝ διαθέσιμα: το data.gov.gr δεν έχει dataset βάσεων 2026 (έλεγχος 7.144 datasets, 05/08/2026). Πηγή: aeitei.gr, mirror υπουργικών αρχείων — ΑΝΕΠΙΣΗΜΟ. Επαληθεύτηκε σε 13/13 τμήματα 1ου πεδίου έναντι ανεξάρτητης άντλησης."
880,16155,2ο,ΜΟΝΙΜΩΝ ΥΠΑΞΙΩΜΑΤΙΚΩΝ ΑΕΡΟΠΟΡΙΑΣ (ΣΜΥΑ) - ΚΑΤΕΥΘΥΝΣΗ ΔΙΟΙΚΗΤΙΚΗΣ ΚΑΙ ΕΦΟΔΙΑΣΤΙΚΗΣ ΥΠΟΣΤΗΡΙΞΗΣ,Σμυα,16030.0,125.0,MIRROR_UNOFFICIAL,BASE_ONLY,"ΜΟΝΟ ΒΑΣΗ. Θέσεις/εισαχθέντες/κενές 2026 ΔΕΝ διαθέσιμα: το data.gov.gr δεν έχει dataset βάσεων 2026 (έλεγχος 7.144 datasets, 05/08/2026). Πηγή: aeitei.gr, mirror υπουργικών αρχείων — ΑΝΕΠΙΣΗΜΟ. Επαληθεύτηκε σε 13/13 τμήματα 1ου πεδίου έναντι ανεξάρτητης άντλησης."
270,16083,2ο,ΧΗΜΕΙΑΣ (ΗΡΑΚΛΕΙΟ),Ηράκλειο,15278.0,805.0,MIRROR_UNOFFICIAL,BASE_ONLY,"ΜΟΝΟ ΒΑΣΗ. Θέσεις/εισαχθέντες/κενές 2026 ΔΕΝ διαθέσιμα: το data.gov.gr δεν έχει dataset βάσεων 2026 (έλεγχος 7.144 datasets, 05/08/2026). Πηγή: aeitei.gr, mirror υπουργικών αρχείων — ΑΝΕΠΙΣΗΜΟ. Επαληθεύτηκε σε 13/13 τμήματα 1ου πεδίου έναντι ανεξάρτητης άντλησης."
370,16020,2ο,ΑΡΧΙΤΕΚΤΟΝΩΝ ΜΗΧΑΝΙΚΩΝ (ΧΑΝΙΑ),Χανιά,15470.0,550.0,MIRROR_UNOFFICIAL,BASE_ONLY,"ΜΟΝΟ ΒΑΣΗ. Θέσεις/εισαχθέντες/κενές 2026 ΔΕΝ διαθέσιμα: το data.gov.gr δεν έχει dataset βάσεων 2026 (έλεγχος 7.144 datasets, 05/08/2026). Πηγή: aeitei.gr, mirror υπουργικών αρχείων — ΑΝΕΠΙΣΗΜΟ. Επαληθεύτηκε σε 13/13 τμήματα 1ου πεδίου έναντι ανεξάρτητης άντλησης."
821,16000,2ο,ΙΚΑΡΩΝ (ΣΙ) ΙΠΤΑΜΕΝΟΙ,Σι,14685.0,1315.0,MIRROR_UNOFFICIAL,BASE_ONLY,"ΜΟΝΟ ΒΑΣΗ. Θέσεις/εισαχθέντες/κενές 2026 ΔΕΝ διαθέσιμα: το data.gov.gr δεν έχει dataset βάσεων 2026 (έλεγχος 7.144 datasets, 05/08/2026). Πηγή: aeitei.gr, mirror υπουργικών αρχείων — ΑΝΕΠΙΣΗΜΟ. Επαληθεύτηκε σε 13/13 τμήματα 1ου πεδίου έναντι ανεξάρτητης άντλησης."
216,15867,2ο,ΕΠΙΣΤΗΜΗΣ ΥΠΟΛΟΓΙΣΤΩΝ (ΗΡΑΚΛΕΙΟ),Ηράκλειο,15646.0,221.0,MIRROR_UNOFFICIAL,BASE_ONLY,"ΜΟΝΟ ΒΑΣΗ. Θέσεις/εισαχθέντες/κενές 2026 ΔΕΝ διαθέσιμα: το data.gov.gr δεν έχει dataset βάσεων 2026 (έλεγχος 7.144 datasets, 05/08/2026). Πηγή: aeitei.gr, mirror υπουργικών αρχείων — ΑΝΕΠΙΣΗΜΟ. Επαληθεύτηκε σε 13/13 τμήματα 1ου πεδίου έναντι ανεξάρτητης άντλησης."
262,15860,2ο,ΨΗΦΙΑΚΩΝ ΣΥΣΤΗΜΑΤΩΝ (ΠΕΙΡΑΙΑΣ),Πειραιάς,15940.0,-80.0,MIRROR_UNOFFICIAL,BASE_ONLY,"ΜΟΝΟ ΒΑΣΗ. Θέσεις/εισαχθέντες/κενές 2026 ΔΕΝ διαθέσιμα: το data.gov.gr δεν έχει dataset βάσεων 2026 (έλεγχος 7.144 datasets, 05/08/2026). Πηγή: aeitei.gr, mirror υπουργικών αρχείων — ΑΝΕΠΙΣΗΜΟ. Επαληθεύτηκε σε 13/13 τμήματα 1ου πεδίου έναντι ανεξάρτητης άντλησης."
243,15850,2ο,ΜΑΘΗΜΑΤΙΚΩΝ (ΑΘΗΝΑ),Αθήνα,14500.0,1350.0,MIRROR_UNOFFICIAL,BASE_ONLY,"ΜΟΝΟ ΒΑΣΗ. Θέσεις/εισαχθέντες/κενές 2026 ΔΕΝ διαθέσιμα: το data.gov.gr δεν έχει dataset βάσεων 2026 (έλεγχος 7.144 datasets, 05/08/2026). Πηγή: aeitei.gr, mirror υπουργικών αρχείων — ΑΝΕΠΙΣΗΜΟ. Επαληθεύτηκε σε 13/13 τμήματα 1ου πεδίου έναντι ανεξάρτητης άντλησης."
253,15838,2ο,ΦΥΣΙΚΗΣ (ΑΘΗΝΑ),Αθήνα,14513.0,1325.0,MIRROR_UNOFFICIAL,BASE_ONLY,"ΜΟΝΟ ΒΑΣΗ. Θέσεις/εισαχθέντες/κενές 2026 ΔΕΝ διαθέσιμα: το data.gov.gr δεν έχει dataset βάσεων 2026 (έλεγχος 7.144 datasets, 05/08/2026). Πηγή: aeitei.gr, mirror υπουργικών αρχείων — ΑΝΕΠΙΣΗΜΟ. Επαληθεύτηκε σε 13/13 τμήματα 1ου πεδίου έναντι ανεξάρτητης άντλησης."
225,15815,2ο,ΑΓΡΟΝΟΜΩΝ ΚΑΙ ΤΟΠΟΓΡΑΦΩΝ ΜΗΧΑΝΙΚΩΝ - ΜΗΧΑΝΙΚΩΝ ΓΕΩΠΛΗΡΟΦΟΡΙΚΗΣ (ΑΘΗΝΑ),Αθήνα,14715.0,1100.0,MIRROR_UNOFFICIAL,BASE_ONLY,"ΜΟΝΟ ΒΑΣΗ. Θέσεις/εισαχθέντες/κενές 2026 ΔΕΝ διαθέσιμα: το data.gov.gr δεν έχει dataset βάσεων 2026 (έλεγχος 7.144 datasets, 05/08/2026). Πηγή: aeitei.gr, mirror υπουργικών αρχείων — ΑΝΕΠΙΣΗΜΟ. Επαληθεύτηκε σε 13/13 τμήματα 1ου πεδίου έναντι ανεξάρτητης άντλησης."
215,15785,2ο,ΜΗΧΑΝΙΚΩΝ ΗΛΕΚΤΡΟΝΙΚΩΝ ΥΠΟΛΟΓΙΣΤΩΝ ΚΑΙ ΠΛΗΡΟΦΟΡΙΚΗΣ (ΠΑΤΡΑ),Πάτρα,14500.0,1285.0,MIRROR_UNOFFICIAL,BASE_ONLY,"ΜΟΝΟ ΒΑΣΗ. Θέσεις/εισαχθέντες/κενές 2026 ΔΕΝ διαθέσιμα: το data.gov.gr δεν έχει dataset βάσεων 2026 (έλεγχος 7.144 datasets, 05/08/2026). Πηγή: aeitei.gr, mirror υπουργικών αρχείων — ΑΝΕΠΙΣΗΜΟ. Επαληθεύτηκε σε 13/13 τμήματα 1ου πεδίου έναντι ανεξάρτητης άντλησης."
208,15785,2ο,ΠΟΛΙΤΙΚΩΝ ΜΗΧΑΝΙΚΩΝ (ΒΟΛΟΣ),Βόλος,14105.0,1680.0,MIRROR_UNOFFICIAL,BASE_ONLY,"ΜΟΝΟ ΒΑΣΗ. Θέσεις/εισαχθέντες/κενές 2026 ΔΕΝ διαθέσιμα: το data.gov.gr δεν έχει dataset βάσεων 2026 (έλεγχος 7.144 datasets, 05/08/2026). Πηγή: aeitei.gr, mirror υπουργικών αρχείων — ΑΝΕΠΙΣΗΜΟ. Επαληθεύτηκε σε 13/13 τμήματα 1ου πεδίου έναντι ανεξάρτητης άντλησης."
331,15770,2ο,ΗΛΕΚΤΡΟΛΟΓΩΝ ΜΗΧΑΝΙΚΩΝ ΚΑΙ ΜΗΧΑΝΙΚΩΝ ΥΠΟΛΟΓΙΣΤΩΝ (ΧΑΝΙΑ),Χανιά,14648.0,1122.0,MIRROR_UNOFFICIAL,BASE_ONLY,"ΜΟΝΟ ΒΑΣΗ. Θέσεις/εισαχθέντες/κενές 2026 ΔΕΝ διαθέσιμα: το data.gov.gr δεν έχει dataset βάσεων 2026 (έλεγχος 7.144 datasets, 05/08/2026). Πηγή: aeitei.gr, mirror υπουργικών αρχείων — ΑΝΕΠΙΣΗΜΟ. Επαληθεύτηκε σε 13/13 τμήματα 1ου πεδίου έναντι ανεξάρτητης άντλησης."
806,15750,2ο,ΕΥΕΛΠΙΔΩΝ (ΣΣΕ) - ΣΩΜΑΤΑ,Σσε,13055.0,2695.0,MIRROR_UNOFFICIAL,BASE_ONLY,"ΜΟΝΟ ΒΑΣΗ. Θέσεις/εισαχθέντες/κενές 2026 ΔΕΝ διαθέσιμα: το data.gov.gr δεν έχει dataset βάσεων 2026 (έλεγχος 7.144 datasets, 05/08/2026). Πηγή: aeitei.gr, mirror υπουργικών αρχείων — ΑΝΕΠΙΣΗΜΟ. Επαληθεύτηκε σε 13/13 τμήματα 1ου πεδίου έναντι ανεξάρτητης άντλησης."
223,15740,2ο,ΗΛΕΚΤΡΟΛΟΓΩΝ ΜΗΧΑΝΙΚΩΝ ΚΑΙ ΜΗΧΑΝΙΚΩΝ ΥΠΟΛΟΓΙΣΤΩΝ (ΞΑΝΘΗ),Ξάνθη,14310.0,1430.0,MIRROR_UNOFFICIAL,BASE_ONLY,"ΜΟΝΟ ΒΑΣΗ. Θέσεις/εισαχθέντες/κενές 2026 ΔΕΝ διαθέσιμα: το data.gov.gr δεν έχει dataset βάσεων 2026 (έλεγχος 7.144 datasets, 05/08/2026). Πηγή: aeitei.gr, mirror υπουργικών αρχείων — ΑΝΕΠΙΣΗΜΟ. Επαληθεύτηκε σε 13/13 τμήματα 1ου πεδίου έναντι ανεξάρτητης άντλησης."
387,15700,2ο,ΗΛΕΚΤΡΟΛΟΓΩΝ ΚΑΙ ΗΛΕΚΤΡΟΝΙΚΩΝ ΜΗΧΑΝΙΚΩΝ (ΑΙΓΑΛΕΩ),Αιγάλεω,14520.0,1180.0,MIRROR_UNOFFICIAL,BASE_ONLY,"ΜΟΝΟ ΒΑΣΗ. Θέσεις/εισαχθέντες/κενές 2026 ΔΕΝ διαθέσιμα: το data.gov.gr δεν έχει dataset βάσεων 2026 (έλεγχος 7.144 datasets, 05/08/2026). Πηγή: aeitei.gr, mirror υπουργικών αρχείων — ΑΝΕΠΙΣΗΜΟ. Επαληθεύτηκε σε 13/13 τμήματα 1ου πεδίου έναντι ανεξάρτητης άντλησης."
1563,15700,2ο,ΧΗΜΙΚΩΝ ΜΗΧΑΝΙΚΩΝ (ΚΟΖΑΝΗ),Κοζάνη,14605.0,1095.0,MIRROR_UNOFFICIAL,BASE_ONLY,"ΜΟΝΟ ΒΑΣΗ. Θέσεις/εισαχθέντες/κενές 2026 ΔΕΝ διαθέσιμα: το data.gov.gr δεν έχει dataset βάσεων 2026 (έλεγχος 7.144 datasets, 05/08/2026). Πηγή: aeitei.gr, mirror υπουργικών αρχείων — ΑΝΕΠΙΣΗΜΟ. Επαληθεύτηκε σε 13/13 τμήματα 1ου πεδίου έναντι ανεξάρτητης άντλησης."
210,15698,2ο,ΜΗΧΑΝΟΛΟΓΩΝ ΜΗΧΑΝΙΚΩΝ (ΚΟΖΑΝΗ),Κοζάνη,14714.0,984.0,MIRROR_UNOFFICIAL,BASE_ONLY,"ΜΟΝΟ ΒΑΣΗ. Θέσεις/εισαχθέντες/κενές 2026 ΔΕΝ διαθέσιμα: το data.gov.gr δεν έχει dataset βάσεων 2026 (έλεγχος 7.144 datasets, 05/08/2026). Πηγή: aeitei.gr, mirror υπουργικών αρχείων — ΑΝΕΠΙΣΗΜΟ. Επαληθεύτηκε σε 13/13 τμήματα 1ου πεδίου έναντι ανεξάρτητης άντλησης."
1629,15590,2ο,ΧΗΜΕΙΑΣ (ΚΑΒΑΛΑ),Καβάλα,14712.0,878.0,MIRROR_UNOFFICIAL,BASE_ONLY,"ΜΟΝΟ ΒΑΣΗ. Θέσεις/εισαχθέντες/κενές 2026 ΔΕΝ διαθέσιμα: το data.gov.gr δεν έχει dataset βάσεων 2026 (έλεγχος 7.144 datasets, 05/08/2026). Πηγή: aeitei.gr, mirror υπουργικών αρχείων — ΑΝΕΠΙΣΗΜΟ. Επαληθεύτηκε σε 13/13 τμήματα 1ου πεδίου έναντι ανεξάρτητης άντλησης."
1625,15475,2ο,ΜΗΧΑΝΙΚΩΝ ΠΛΗΡΟΦΟΡΙΚΗΣ ΚΑΙ ΗΛΕΚΤΡΟΝΙΚΩΝ ΣΥΣΤΗΜΑΤΩΝ (ΘΕΣΣΑΛΟΝΙΚΗ),Θεσσαλονίκη,14740.0,735.0,MIRROR_UNOFFICIAL,BASE_ONLY,"ΜΟΝΟ ΒΑΣΗ. Θέσεις/εισαχθέντες/κενές 2026 ΔΕΝ διαθέσιμα: το data.gov.gr δεν έχει dataset βάσεων 2026 (έλεγχος 7.144 datasets, 05/08/2026). Πηγή: aeitei.gr, mirror υπουργικών αρχείων — ΑΝΕΠΙΣΗΜΟ. Επαληθεύτηκε σε 13/13 τμήματα 1ου πεδίου έναντι ανεξάρτητης άντλησης."
390,15436,2ο,ΜΗΧΑΝΙΚΩΝ ΠΛΗΡΟΦΟΡΙΚΗΣ ΚΑΙ ΥΠΟΛΟΓΙΣΤΩΝ (ΑΙΓΑΛΕΩ),Αιγάλεω,15336.0,100.0,MIRROR_UNOFFICIAL,BASE_ONLY,"ΜΟΝΟ ΒΑΣΗ. Θέσεις/εισαχθέντες/κενές 2026 ΔΕΝ διαθέσιμα: το data.gov.gr δεν έχει dataset βάσεων 2026 (έλεγχος 7.144 datasets, 05/08/2026). Πηγή: aeitei.gr, mirror υπουργικών αρχείων — ΑΝΕΠΙΣΗΜΟ. Επαληθεύτηκε σε 13/13 τμήματα 1ου πεδίου έναντι ανεξάρτητης άντλησης."
1523,15050,2ο,ΜΗΧΑΝΟΛΟΓΩΝ ΜΗΧΑΝΙΚΩΝ - ΠΑΝ. ΠΕΛ/ΝΗΣΟΥ (ΠΑΤΡΑ),Πάτρα,13400.0,1650.0,MIRROR_UNOFFICIAL,BASE_ONLY,"ΜΟΝΟ ΒΑΣΗ. Θέσεις/εισαχθέντες/κενές 2026 ΔΕΝ διαθέσιμα: το data.gov.gr δεν έχει dataset βάσεων 2026 (έλεγχος 7.144 datasets, 05/08/2026). Πηγή: aeitei.gr, mirror υπουργικών αρχείων — ΑΝΕΠΙΣΗΜΟ. Επαληθεύτηκε σε 13/13 τμήματα 1ου πεδίου έναντι ανεξάρτητης άντλησης."
394,15000,2ο,ΠΟΛΙΤΙΚΩΝ ΜΗΧΑΝΙΚΩΝ (ΑΙΓΑΛΕΩ),Αιγάλεω,13600.0,1400.0,MIRROR_UNOFFICIAL,BASE_ONLY,"ΜΟΝΟ ΒΑΣΗ. Θέσεις/εισαχθέντες/κενές 2026 ΔΕΝ διαθέσιμα: το data.gov.gr δεν έχει dataset βάσεων 2026 (έλεγχος 7.144 datasets, 05/08/2026). Πηγή: aeitei.gr, mirror υπουργικών αρχείων — ΑΝΕΠΙΣΗΜΟ. Επαληθεύτηκε σε 13/13 τμήματα 1ου πεδίου έναντι ανεξάρτητης άντλησης."
155,15000,2ο,ΧΡΗΜΑΤΟΟΙΚΟΝΟΜΙΚΗΣ ΚΑΙ ΤΡΑΠΕΖΙΚΗΣ ΔΙΟΙΚΗΤΙΚΗΣ (ΠΕΙΡΑΙΑΣ),Πειραιάς,14850.0,150.0,MIRROR_UNOFFICIAL,BASE_ONLY,"ΜΟΝΟ ΒΑΣΗ. Θέσεις/εισαχθέντες/κενές 2026 ΔΕΝ διαθέσιμα: το data.gov.gr δεν έχει dataset βάσεων 2026 (έλεγχος 7.144 datasets, 05/08/2026). Πηγή: aeitei.gr, mirror υπουργικών αρχείων — ΑΝΕΠΙΣΗΜΟ. Επαληθεύτηκε σε 13/13 τμήματα 1ου πεδίου έναντι ανεξάρτητης άντλησης."
245,14965,2ο,ΜΑΘΗΜΑΤΙΚΩΝ (ΘΕΣΣΑΛΟΝΙΚΗ),Θεσσαλονίκη,14200.0,765.0,MIRROR_UNOFFICIAL,BASE_ONLY,"ΜΟΝΟ ΒΑΣΗ. Θέσεις/εισαχθέντες/κενές 2026 ΔΕΝ διαθέσιμα: το data.gov.gr δεν έχει dataset βάσεων 2026 (έλεγχος 7.144 datasets, 05/08/2026). Πηγή: aeitei.gr, mirror υπουργικών αρχείων — ΑΝΕΠΙΣΗΜΟ. Επαληθεύτηκε σε 13/13 τμήματα 1ου πεδίου έναντι ανεξάρτητης άντλησης."
329,14940,2ο,ΣΤΑΤΙΣΤΙΚΗΣ (ΑΘΗΝΑ),Αθήνα,14440.0,500.0,MIRROR_UNOFFICIAL,BASE_ONLY,"ΜΟΝΟ ΒΑΣΗ. Θέσεις/εισαχθέντες/κενές 2026 ΔΕΝ διαθέσιμα: το data.gov.gr δεν έχει dataset βάσεων 2026 (έλεγχος 7.144 datasets, 05/08/2026). Πηγή: aeitei.gr, mirror υπουργικών αρχείων — ΑΝΕΠΙΣΗΜΟ. Επαληθεύτηκε σε 13/13 τμήματα 1ου πεδίου έναντι ανεξάρτητης άντλησης."
879,14855,2ο,ΜΟΝΙΜΩΝ ΥΠΑΞΙΩΜΑΤΙΚΩΝ ΑΕΡΟΠΟΡΙΑΣ (ΣΜΥΑ) - ΚΑΤΕΥΘΥΝΣΗ ΕΠΙΧΕΙΡΗΣΙΑΚΗΣ ΥΠΟΣΤΗΡΙΞΗΣ,Σμυα,12265.0,2590.0,MIRROR_UNOFFICIAL,BASE_ONLY,"ΜΟΝΟ ΒΑΣΗ. Θέσεις/εισαχθέντες/κενές 2026 ΔΕΝ διαθέσιμα: το data.gov.gr δεν έχει dataset βάσεων 2026 (έλεγχος 7.144 datasets, 05/08/2026). Πηγή: aeitei.gr, mirror υπουργικών αρχείων — ΑΝΕΠΙΣΗΜΟ. Επαληθεύτηκε σε 13/13 τμήματα 1ου πεδίου έναντι ανεξάρτητης άντλησης."
388,14765,2ο,ΜΗΧΑΝΙΚΩΝ ΒΙΟΪΑΤΡΙΚΗΣ (ΑΙΓΑΛΕΩ),Αιγάλεω,13885.0,880.0,MIRROR_UNOFFICIAL,BASE_ONLY,"ΜΟΝΟ ΒΑΣΗ. Θέσεις/εισαχθέντες/κενές 2026 ΔΕΝ διαθέσιμα: το data.gov.gr δεν έχει dataset βάσεων 2026 (έλεγχος 7.144 datasets, 05/08/2026). Πηγή: aeitei.gr, mirror υπουργικών αρχείων — ΑΝΕΠΙΣΗΜΟ. Επαληθεύτηκε σε 13/13 τμήματα 1ου πεδίου έναντι ανεξάρτητης άντλησης."
675,14725,2ο,ΕΣΩΤΕΡΙΚΗΣ ΑΡΧΙΤΕΚΤΟΝΙΚΗΣ (ΑΙΓΑΛΕΩ),Αιγάλεω,14405.0,320.0,MIRROR_UNOFFICIAL,BASE_ONLY,"ΜΟΝΟ ΒΑΣΗ. Θέσεις/εισαχθέντες/κενές 2026 ΔΕΝ διαθέσιμα: το data.gov.gr δεν έχει dataset βάσεων 2026 (έλεγχος 7.144 datasets, 05/08/2026). Πηγή: aeitei.gr, mirror υπουργικών αρχείων — ΑΝΕΠΙΣΗΜΟ. Επαληθεύτηκε σε 13/13 τμήματα 1ου πεδίου έναντι ανεξάρτητης άντλησης."
241,14700,2ο,ΜΕΤΑΛΛΕΙΟΛΟΓΩΝ - ΜΕΤΑΛΛΟΥΡΓΩΝ ΜΗΧΑΝΙΚΩΝ (ΑΘΗΝΑ),Αθήνα,13800.0,900.0,MIRROR_UNOFFICIAL,BASE_ONLY,"ΜΟΝΟ ΒΑΣΗ. Θέσεις/εισαχθέντες/κενές 2026 ΔΕΝ διαθέσιμα: το data.gov.gr δεν έχει dataset βάσεων 2026 (έλεγχος 7.144 datasets, 05/08/2026). Πηγή: aeitei.gr, mirror υπουργικών αρχείων — ΑΝΕΠΙΣΗΜΟ. Επαληθεύτηκε σε 13/13 τμήματα 1ου πεδίου έναντι ανεξάρτητης άντλησης."
1564,14640,2ο,ΗΛΕΚΤΡΟΛΟΓΩΝ ΜΗΧΑΝΙΚΩΝ ΚΑΙ ΜΗΧΑΝΙΚΩΝ ΥΠΟΛΟΓΙΣΤΩΝ (ΚΟΖΑΝΗ),Κοζάνη,13290.0,1350.0,MIRROR_UNOFFICIAL,BASE_ONLY,"ΜΟΝΟ ΒΑΣΗ. Θέσεις/εισαχθέντες/κενές 2026 ΔΕΝ διαθέσιμα: το data.gov.gr δεν έχει dataset βάσεων 2026 (έλεγχος 7.144 datasets, 05/08/2026). Πηγή: aeitei.gr, mirror υπουργικών αρχείων — ΑΝΕΠΙΣΗΜΟ. Επαληθεύτηκε σε 13/13 τμήματα 1ου πεδίου έναντι ανεξάρτητης άντλησης."
207,14572,2ο,ΠΟΛΙΤΙΚΩΝ ΜΗΧΑΝΙΚΩΝ (ΞΑΝΘΗ),Ξάνθη,13164.0,1408.0,MIRROR_UNOFFICIAL,BASE_ONLY,"ΜΟΝΟ ΒΑΣΗ. Θέσεις/εισαχθέντες/κενές 2026 ΔΕΝ διαθέσιμα: το data.gov.gr δεν έχει dataset βάσεων 2026 (έλεγχος 7.144 datasets, 05/08/2026). Πηγή: aeitei.gr, mirror υπουργικών αρχείων — ΑΝΕΠΙΣΗΜΟ. Επαληθεύτηκε σε 13/13 τμήματα 1ου πεδίου έναντι ανεξάρτητης άντλησης."
1619,14430,2ο,ΜΗΧΑΝΟΛΟΓΩΝ ΜΗΧΑΝΙΚΩΝ (ΣΕΡΡΕΣ),Σέρρες,11980.0,2450.0,MIRROR_UNOFFICIAL,BASE_ONLY,"ΜΟΝΟ ΒΑΣΗ. Θέσεις/εισαχθέντες/κενές 2026 ΔΕΝ διαθέσιμα: το data.gov.gr δεν έχει dataset βάσεων 2026 (έλεγχος 7.144 datasets, 05/08/2026). Πηγή: aeitei.gr, mirror υπουργικών αρχείων — ΑΝΕΠΙΣΗΜΟ. Επαληθεύτηκε σε 13/13 τμήματα 1ου πεδίου έναντι ανεξάρτητης άντλησης."
1522,14416,2ο,ΗΛΕΚΤΡΟΛΟΓΩΝ ΜΗΧΑΝΙΚΩΝ ΚΑΙ ΜΗΧΑΝΙΚΩΝ ΥΠΟΛΟΓΙΣΤΩΝ - ΠΑΝ. ΠΕΛ/ΝΗΣΟΥ (ΠΑΤΡΑ),Πάτρα,12611.0,1805.0,MIRROR_UNOFFICIAL,BASE_ONLY,"ΜΟΝΟ ΒΑΣΗ. Θέσεις/εισαχθέντες/κενές 2026 ΔΕΝ διαθέσιμα: το data.gov.gr δεν έχει dataset βάσεων 2026 (έλεγχος 7.144 datasets, 05/08/2026). Πηγή: aeitei.gr, mirror υπουργικών αρχείων — ΑΝΕΠΙΣΗΜΟ. Επαληθεύτηκε σε 13/13 τμήματα 1ου πεδίου έναντι ανεξάρτητης άντλησης."
1659,14405,2ο,ΜΗΧΑΝΟΛΟΓΩΝ ΜΗΧΑΝΙΚΩΝ (ΗΡΑΚΛΕΙΟ),Ηράκλειο,12515.0,1890.0,MIRROR_UNOFFICIAL,BASE_ONLY,"ΜΟΝΟ ΒΑΣΗ. Θέσεις/εισαχθέντες/κενές 2026 ΔΕΝ διαθέσιμα: το data.gov.gr δεν έχει dataset βάσεων 2026 (έλεγχος 7.144 datasets, 05/08/2026). Πηγή: aeitei.gr, mirror υπουργικών αρχείων — ΑΝΕΠΙΣΗΜΟ. Επαληθεύτηκε σε 13/13 τμήματα 1ου πεδίου έναντι ανεξάρτητης άντλησης."
214,14400,2ο,ΧΗΜΙΚΩΝ ΜΗΧΑΝΙΚΩΝ ΚΑΙ ΜΗΧΑΝΙΚΩΝ ΠΕΡΙΒΑΛΛΟΝΤΟΣ (ΧΑΝΙΑ),Χανιά,14750.0,-350.0,MIRROR_UNOFFICIAL,BASE_ONLY,"ΜΟΝΟ ΒΑΣΗ. Θέσεις/εισαχθέντες/κενές 2026 ΔΕΝ διαθέσιμα: το data.gov.gr δεν έχει dataset βάσεων 2026 (έλεγχος 7.144 datasets, 05/08/2026). Πηγή: aeitei.gr, mirror υπουργικών αρχείων — ΑΝΕΠΙΣΗΜΟ. Επαληθεύτηκε σε 13/13 τμήματα 1ου πεδίου έναντι ανεξάρτητης άντλησης."
340,14368,2ο,ΜΗΧΑΝΙΚΩΝ ΗΛΕΚΤΡΟΝΙΚΩΝ ΥΠΟΛΟΓΙΣΤΩΝ ΚΑΙ ΠΛΗΡΟΦΟΡΙΚΗΣ (ΙΩΑΝΝΙΝΑ),Ιωάννινα,13355.0,1013.0,MIRROR_UNOFFICIAL,BASE_ONLY,"ΜΟΝΟ ΒΑΣΗ. Θέσεις/εισαχθέντες/κενές 2026 ΔΕΝ διαθέσιμα: το data.gov.gr δεν έχει dataset βάσεων 2026 (έλεγχος 7.144 datasets, 05/08/2026). Πηγή: aeitei.gr, mirror υπουργικών αρχείων — ΑΝΕΠΙΣΗΜΟ. Επαληθεύτηκε σε 13/13 τμήματα 1ου πεδίου έναντι ανεξάρτητης άντλησης."
1626,14315,2ο,ΕΣΩΤΕΡΙΚΗΣ ΑΡΧΙΤΕΚΤΟΝΙΚΗΣ (ΣΕΡΡΕΣ),Σέρρες,13545.0,770.0,MIRROR_UNOFFICIAL,BASE_ONLY,"ΜΟΝΟ ΒΑΣΗ. Θέσεις/εισαχθέντες/κενές 2026 ΔΕΝ διαθέσιμα: το data.gov.gr δεν έχει dataset βάσεων 2026 (έλεγχος 7.144 datasets, 05/08/2026). Πηγή: aeitei.gr, mirror υπουργικών αρχείων — ΑΝΕΠΙΣΗΜΟ. Επαληθεύτηκε σε 13/13 τμήματα 1ου πεδίου έναντι ανεξάρτητης άντλησης."
328,14215,2ο,ΕΠΙΣΤΗΜΗΣ ΤΡΟΦΙΜΩΝ ΚΑΙ ΔΙΑΤΡΟΦΗΣ ΤΟΥ ΑΝΘΡΩΠΟΥ (ΑΘΗΝΑ),Αθήνα,14520.0,-305.0,MIRROR_UNOFFICIAL,BASE_ONLY,"ΜΟΝΟ ΒΑΣΗ. Θέσεις/εισαχθέντες/κενές 2026 ΔΕΝ διαθέσιμα: το data.gov.gr δεν έχει dataset βάσεων 2026 (έλεγχος 7.144 datasets, 05/08/2026). Πηγή: aeitei.gr, mirror υπουργικών αρχείων — ΑΝΕΠΙΣΗΜΟ. Επαληθεύτηκε σε 13/13 τμήματα 1ου πεδίου έναντι ανεξάρτητης άντλησης."
1622,14000,2ο,"ΜΗΧΑΝΙΚΩΝ ΠΛΗΡΟΦΟΡΙΚΗΣ, ΥΠΟΛΟΓΙΣΤΩΝ ΚΑΙ ΤΗΛΕΠΙΚΟΙΝΩΝΙΩΝ (ΣΕΡΡΕΣ)",Σέρρες,13450.0,550.0,MIRROR_UNOFFICIAL,BASE_ONLY,"ΜΟΝΟ ΒΑΣΗ. Θέσεις/εισαχθέντες/κενές 2026 ΔΕΝ διαθέσιμα: το data.gov.gr δεν έχει dataset βάσεων 2026 (έλεγχος 7.144 datasets, 05/08/2026). Πηγή: aeitei.gr, mirror υπουργικών αρχείων — ΑΝΕΠΙΣΗΜΟ. Επαληθεύτηκε σε 13/13 τμήματα 1ου πεδίου έναντι ανεξάρτητης άντλησης."
684,13970,2ο,ΕΠΙΣΤΗΜΗΣ ΚΑΙ ΤΕΧΝΟΛΟΓΙΑΣ ΤΡΟΦΙΜΩΝ (ΑΙΓΑΛΕΩ),Αιγάλεω,13620.0,350.0,MIRROR_UNOFFICIAL,BASE_ONLY,"ΜΟΝΟ ΒΑΣΗ. Θέσεις/εισαχθέντες/κενές 2026 ΔΕΝ διαθέσιμα: το data.gov.gr δεν έχει dataset βάσεων 2026 (έλεγχος 7.144 datasets, 05/08/2026). Πηγή: aeitei.gr, mirror υπουργικών αρχείων — ΑΝΕΠΙΣΗΜΟ. Επαληθεύτηκε σε 13/13 τμήματα 1ου πεδίου έναντι ανεξάρτητης άντλησης."
674,13890,2ο,ΓΡΑΦΙΣΤΙΚΗΣ ΚΑΙ ΟΠΤΙΚΗΣ ΕΠΙΚΟΙΝΩΝΙΑΣ (ΑΙΓΑΛΕΩ),Αιγάλεω,13745.0,145.0,MIRROR_UNOFFICIAL,BASE_ONLY,"ΜΟΝΟ ΒΑΣΗ. Θέσεις/εισαχθέντες/κενές 2026 ΔΕΝ διαθέσιμα: το data.gov.gr δεν έχει dataset βάσεων 2026 (έλεγχος 7.144 datasets, 05/08/2026). Πηγή: aeitei.gr, mirror υπουργικών αρχείων — ΑΝΕΠΙΣΗΜΟ. Επαληθεύτηκε σε 13/13 τμήματα 1ου πεδίου έναντι ανεξάρτητης άντλησης."
227,13880,2ο,ΑΓΡΟΝΟΜΩΝ ΚΑΙ ΤΟΠΟΓΡΑΦΩΝ ΜΗΧΑΝΙΚΩΝ (ΘΕΣΣΑΛΟΝΙΚΗ),Θεσσαλονίκη,12655.0,1225.0,MIRROR_UNOFFICIAL,BASE_ONLY,"ΜΟΝΟ ΒΑΣΗ. Θέσεις/εισαχθέντες/κενές 2026 ΔΕΝ διαθέσιμα: το data.gov.gr δεν έχει dataset βάσεων 2026 (έλεγχος 7.144 datasets, 05/08/2026). Πηγή: aeitei.gr, mirror υπουργικών αρχείων — ΑΝΕΠΙΣΗΜΟ. Επαληθεύτηκε σε 13/13 τμήματα 1ου πεδίου έναντι ανεξάρτητης άντλησης."
336,13880,2ο,ΒΙΟΜΗΧΑΝΙΚΗΣ ΔΙΟΙΚΗΣΗΣ ΚΑΙ ΤΕΧΝΟΛΟΓΙΑΣ (ΠΕΙΡΑΙΑΣ),Πειραιάς,13465.0,415.0,MIRROR_UNOFFICIAL,BASE_ONLY,"ΜΟΝΟ ΒΑΣΗ. Θέσεις/εισαχθέντες/κενές 2026 ΔΕΝ διαθέσιμα: το data.gov.gr δεν έχει dataset βάσεων 2026 (έλεγχος 7.144 datasets, 05/08/2026). Πηγή: aeitei.gr, mirror υπουργικών αρχείων — ΑΝΕΠΙΣΗΜΟ. Επαληθεύτηκε σε 13/13 τμήματα 1ου πεδίου έναντι ανεξάρτητης άντλησης."
261,13871,2ο,ΦΥΣΙΚΗΣ (ΗΡΑΚΛΕΙΟ),Ηράκλειο,13073.0,798.0,MIRROR_UNOFFICIAL,BASE_ONLY,"ΜΟΝΟ ΒΑΣΗ. Θέσεις/εισαχθέντες/κενές 2026 ΔΕΝ διαθέσιμα: το data.gov.gr δεν έχει dataset βάσεων 2026 (έλεγχος 7.144 datasets, 05/08/2026). Πηγή: aeitei.gr, mirror υπουργικών αρχείων — ΑΝΕΠΙΣΗΜΟ. Επαληθεύτηκε σε 13/13 τμήματα 1ου πεδίου έναντι ανεξάρτητης άντλησης."
1621,13788,2ο,ΠΟΛΙΤΙΚΩΝ ΜΗΧΑΝΙΚΩΝ (ΣΕΡΡΕΣ),Σέρρες,12154.0,1634.0,MIRROR_UNOFFICIAL,BASE_ONLY,"ΜΟΝΟ ΒΑΣΗ. Θέσεις/εισαχθέντες/κενές 2026 ΔΕΝ διαθέσιμα: το data.gov.gr δεν έχει dataset βάσεων 2026 (έλεγχος 7.144 datasets, 05/08/2026). Πηγή: aeitei.gr, mirror υπουργικών αρχείων — ΑΝΕΠΙΣΗΜΟ. Επαληθεύτηκε σε 13/13 τμήματα 1ου πεδίου έναντι ανεξάρτητης άντλησης."
851,13700,2ο,ΑΞΙΩΜΑΤΙΚΩΝ ΝΟΣΗΛΕΥΤΙΚΗΣ (ΣΑΝ),Σαν,14500.0,-800.0,MIRROR_UNOFFICIAL,BASE_ONLY,"ΜΟΝΟ ΒΑΣΗ. Θέσεις/εισαχθέντες/κενές 2026 ΔΕΝ διαθέσιμα: το data.gov.gr δεν έχει dataset βάσεων 2026 (έλεγχος 7.144 datasets, 05/08/2026). Πηγή: aeitei.gr, mirror υπουργικών αρχείων — ΑΝΕΠΙΣΗΜΟ. Επαληθεύτηκε σε 13/13 τμήματα 1ου πεδίου έναντι ανεξάρτητης άντλησης."
1624,13475,2ο,ΜΗΧΑΝΙΚΩΝ ΠΑΡΑΓΩΓΗΣ ΚΑΙ ΔΙΟΙΚΗΣΗΣ (ΘΕΣΣΑΛΟΝΙΚΗ),Θεσσαλονίκη,12585.0,890.0,MIRROR_UNOFFICIAL,BASE_ONLY,"ΜΟΝΟ ΒΑΣΗ. Θέσεις/εισαχθέντες/κενές 2026 ΔΕΝ διαθέσιμα: το data.gov.gr δεν έχει dataset βάσεων 2026 (έλεγχος 7.144 datasets, 05/08/2026). Πηγή: aeitei.gr, mirror υπουργικών αρχείων — ΑΝΕΠΙΣΗΜΟ. Επαληθεύτηκε σε 13/13 τμήματα 1ου πεδίου έναντι ανεξάρτητης άντλησης."
318,13425,2ο,ΣΤΑΤΙΣΤΙΚΗΣ ΚΑΙ ΑΣΦΑΛΙΣΤΙΚΗΣ ΕΠΙΣΤΗΜΗΣ (ΠΕΙΡΑΙΑΣ),Πειραιάς,13070.0,355.0,MIRROR_UNOFFICIAL,BASE_ONLY,"ΜΟΝΟ ΒΑΣΗ. Θέσεις/εισαχθέντες/κενές 2026 ΔΕΝ διαθέσιμα: το data.gov.gr δεν έχει dataset βάσεων 2026 (έλεγχος 7.144 datasets, 05/08/2026). Πηγή: aeitei.gr, mirror υπουργικών αρχείων — ΑΝΕΠΙΣΗΜΟ. Επαληθεύτηκε σε 13/13 τμήματα 1ου πεδίου έναντι ανεξάρτητης άντλησης."
1282,13400,2ο,ΔΙΟΙΚΗΤΙΚΗΣ ΕΠΙΣΤΗΜΗΣ ΚΑΙ ΤΕΧΝΟΛΟΓΙΑΣ (ΠΑΤΡΑ),Πάτρα,12150.0,1250.0,MIRROR_UNOFFICIAL,BASE_ONLY,"ΜΟΝΟ ΒΑΣΗ. Θέσεις/εισαχθέντες/κενές 2026 ΔΕΝ διαθέσιμα: το data.gov.gr δεν έχει dataset βάσεων 2026 (έλεγχος 7.144 datasets, 05/08/2026). Πηγή: aeitei.gr, mirror υπουργικών αρχείων — ΑΝΕΠΙΣΗΜΟ. Επαληθεύτηκε σε 13/13 τμήματα 1ου πεδίου έναντι ανεξάρτητης άντλησης."
273,13180,2ο,ΓΕΩΠΟΝΙΑΣ (ΘΕΣΣΑΛΟΝΙΚΗ) - ΑΠΘ,Θεσσαλονίκη,14380.0,-1200.0,MIRROR_UNOFFICIAL,BASE_ONLY,"ΜΟΝΟ ΒΑΣΗ. Θέσεις/εισαχθέντες/κενές 2026 ΔΕΝ διαθέσιμα: το data.gov.gr δεν έχει dataset βάσεων 2026 (έλεγχος 7.144 datasets, 05/08/2026). Πηγή: aeitei.gr, mirror υπουργικών αρχείων — ΑΝΕΠΙΣΗΜΟ. Επαληθεύτηκε σε 13/13 τμήματα 1ου πεδίου έναντι ανεξάρτητης άντλησης."
255,13178,2ο,ΦΥΣΙΚΗΣ (ΘΕΣΣΑΛΟΝΙΚΗ),Θεσσαλονίκη,14518.0,-1340.0,MIRROR_UNOFFICIAL,BASE_ONLY,"ΜΟΝΟ ΒΑΣΗ. Θέσεις/εισαχθέντες/κενές 2026 ΔΕΝ διαθέσιμα: το data.gov.gr δεν έχει dataset βάσεων 2026 (έλεγχος 7.144 datasets, 05/08/2026). Πηγή: aeitei.gr, mirror υπουργικών αρχείων — ΑΝΕΠΙΣΗΜΟ. Επαληθεύτηκε σε 13/13 τμήματα 1ου πεδίου έναντι ανεξάρτητης άντλησης."
1630,13165,2ο,ΠΛΗΡΟΦΟΡΙΚΗΣ (ΚΑΒΑΛΑ),Καβάλα,12880.0,285.0,MIRROR_UNOFFICIAL,BASE_ONLY,"ΜΟΝΟ ΒΑΣΗ. Θέσεις/εισαχθέντες/κενές 2026 ΔΕΝ διαθέσιμα: το data.gov.gr δεν έχει dataset βάσεων 2026 (έλεγχος 7.144 datasets, 05/08/2026). Πηγή: aeitei.gr, mirror υπουργικών αρχείων — ΑΝΕΠΙΣΗΜΟ. Επαληθεύτηκε σε 13/13 τμήματα 1ου πεδίου έναντι ανεξάρτητης άντλησης."
1660,13090,2ο,ΗΛΕΚΤΡΟΛΟΓΩΝ ΜΗΧΑΝΙΚΩΝ ΚΑΙ ΜΗΧΑΝΙΚΩΝ ΥΠΟΛΟΓΙΣΤΩΝ (ΗΡΑΚΛΕΙΟ),Ηράκλειο,11520.0,1570.0,MIRROR_UNOFFICIAL,BASE_ONLY,"ΜΟΝΟ ΒΑΣΗ. Θέσεις/εισαχθέντες/κενές 2026 ΔΕΝ διαθέσιμα: το data.gov.gr δεν έχει dataset βάσεων 2026 (έλεγχος 7.144 datasets, 05/08/2026). Πηγή: aeitei.gr, mirror υπουργικών αρχείων — ΑΝΕΠΙΣΗΜΟ. Επαληθεύτηκε σε 13/13 τμήματα 1ου πεδίου έναντι ανεξάρτητης άντλησης."
507,13030,2ο,ΕΚΠΑΙΔΕΥΤΙΚΩΝ ΗΛΕΚΤΡΟΛΟΓΩΝ ΜΗΧΑΝΙΚΩΝ ΚΑΙ ΕΚΠΑΙΔΕΥΤΙΚΩΝ ΗΛΕΚΤΡΟΝΙΚΩΝ ΜΗΧΑΝΙΚΩΝ - ΕΚΠΑΙΔΕΥΤΙΚΩΝ ΗΛΕΚΤΡΟΝΙΚΩΝ ΜΗΧΑΝΙΚΩΝ (ΑΘΗΝΑ),Αθήνα,10815.0,2215.0,MIRROR_UNOFFICIAL,BASE_ONLY,"ΜΟΝΟ ΒΑΣΗ. Θέσεις/εισαχθέντες/κενές 2026 ΔΕΝ διαθέσιμα: το data.gov.gr δεν έχει dataset βάσεων 2026 (έλεγχος 7.144 datasets, 05/08/2026). Πηγή: aeitei.gr, mirror υπουργικών αρχείων — ΑΝΕΠΙΣΗΜΟ. Επαληθεύτηκε σε 13/13 τμήματα 1ου πεδίου έναντι ανεξάρτητης άντλησης."
801,12990,2ο,ΕΥΕΛΠΙΔΩΝ (ΣΣΕ) - ΟΠΛΑ,Σσε,10865.0,2125.0,MIRROR_UNOFFICIAL,BASE_ONLY,"ΜΟΝΟ ΒΑΣΗ. Θέσεις/εισαχθέντες/κενές 2026 ΔΕΝ διαθέσιμα: το data.gov.gr δεν έχει dataset βάσεων 2026 (έλεγχος 7.144 datasets, 05/08/2026). Πηγή: aeitei.gr, mirror υπουργικών αρχείων — ΑΝΕΠΙΣΗΜΟ. Επαληθεύτηκε σε 13/13 τμήματα 1ου πεδίου έναντι ανεξάρτητης άντλησης."
389,12952,2ο,ΜΗΧΑΝΙΚΩΝ ΒΙΟΜΗΧΑΝΙΚΗΣ ΣΧΕΔΙΑΣΗΣ ΚΑΙ ΠΑΡΑΓΩΓΗΣ (ΑΙΓΑΛΕΩ),Αιγάλεω,12032.0,920.0,MIRROR_UNOFFICIAL,BASE_ONLY,"ΜΟΝΟ ΒΑΣΗ. Θέσεις/εισαχθέντες/κενές 2026 ΔΕΝ διαθέσιμα: το data.gov.gr δεν έχει dataset βάσεων 2026 (έλεγχος 7.144 datasets, 05/08/2026). Πηγή: aeitei.gr, mirror υπουργικών αρχείων — ΑΝΕΠΙΣΗΜΟ. Επαληθεύτηκε σε 13/13 τμήματα 1ου πεδίου έναντι ανεξάρτητης άντλησης."
878,12865,2ο,ΜΟΝΙΜΩΝ ΥΠΑΞΙΩΜΑΤΙΚΩΝ ΑΕΡΟΠΟΡΙΑΣ (ΣΜΥΑ) - ΚΑΤΕΥΘΥΝΣΗ ΤΕΧΝΟΛΟΓΙΚΗΣ ΥΠΟΣΤΗΡΙΞΗΣ,Σμυα,11095.0,1770.0,MIRROR_UNOFFICIAL,BASE_ONLY,"ΜΟΝΟ ΒΑΣΗ. Θέσεις/εισαχθέντες/κενές 2026 ΔΕΝ διαθέσιμα: το data.gov.gr δεν έχει dataset βάσεων 2026 (έλεγχος 7.144 datasets, 05/08/2026). Πηγή: aeitei.gr, mirror υπουργικών αρχείων — ΑΝΕΠΙΣΗΜΟ. Επαληθεύτηκε σε 13/13 τμήματα 1ου πεδίου έναντι ανεξάρτητης άντλησης."
1635,12865,2ο,ΕΠΙΣΤΗΜΗΣ ΚΑΙ ΤΕΧΝΟΛΟΓΙΑΣ ΤΡΟΦΙΜΩΝ (ΘΕΣΣΑΛΟΝΙΚΗ),Θεσσαλονίκη,12650.0,215.0,MIRROR_UNOFFICIAL,BASE_ONLY,"ΜΟΝΟ ΒΑΣΗ. Θέσεις/εισαχθέντες/κενές 2026 ΔΕΝ διαθέσιμα: το data.gov.gr δεν έχει dataset βάσεων 2026 (έλεγχος 7.144 datasets, 05/08/2026). Πηγή: aeitei.gr, mirror υπουργικών αρχείων — ΑΝΕΠΙΣΗΜΟ. Επαληθεύτηκε σε 13/13 τμήματα 1ου πεδίου έναντι ανεξάρτητης άντλησης."
224,12820,2ο,ΜΗΧΑΝΙΚΩΝ ΠΑΡΑΓΩΓΗΣ ΚΑΙ ΔΙΟΙΚΗΣΗΣ (ΞΑΝΘΗ),Ξάνθη,11590.0,1230.0,MIRROR_UNOFFICIAL,BASE_ONLY,"ΜΟΝΟ ΒΑΣΗ. Θέσεις/εισαχθέντες/κενές 2026 ΔΕΝ διαθέσιμα: το data.gov.gr δεν έχει dataset βάσεων 2026 (έλεγχος 7.144 datasets, 05/08/2026). Πηγή: aeitei.gr, mirror υπουργικών αρχείων — ΑΝΕΠΙΣΗΜΟ. Επαληθεύτηκε σε 13/13 τμήματα 1ου πεδίου έναντι ανεξάρτητης άντλησης."
1524,12815,2ο,ΠΟΛΙΤΙΚΩΝ ΜΗΧΑΝΙΚΩΝ - ΠΑΝ. ΠΕΛ/ΝΗΣΟΥ (ΠΑΤΡΑ),Πάτρα,11221.0,1594.0,MIRROR_UNOFFICIAL,BASE_ONLY,"ΜΟΝΟ ΒΑΣΗ. Θέσεις/εισαχθέντες/κενές 2026 ΔΕΝ διαθέσιμα: το data.gov.gr δεν έχει dataset βάσεων 2026 (έλεγχος 7.144 datasets, 05/08/2026). Πηγή: aeitei.gr, mirror υπουργικών αρχείων — ΑΝΕΠΙΣΗΜΟ. Επαληθεύτηκε σε 13/13 τμήματα 1ου πεδίου έναντι ανεξάρτητης άντλησης."
391,12750,2ο,ΜΗΧΑΝΙΚΩΝ ΤΟΠΟΓΡΑΦΙΑΣ ΚΑΙ ΓΕΩΠΛΗΡΟΦΟΡΙΚΗΣ (ΑΙΓΑΛΕΩ),Αιγάλεω,11950.0,800.0,MIRROR_UNOFFICIAL,BASE_ONLY,"ΜΟΝΟ ΒΑΣΗ. Θέσεις/εισαχθέντες/κενές 2026 ΔΕΝ διαθέσιμα: το data.gov.gr δεν έχει dataset βάσεων 2026 (έλεγχος 7.144 datasets, 05/08/2026). Πηγή: aeitei.gr, mirror υπουργικών αρχείων — ΑΝΕΠΙΣΗΜΟ. Επαληθεύτηκε σε 13/13 τμήματα 1ου πεδίου έναντι ανεξάρτητης άντλησης."
369,12718,2ο,ΠΛΗΡΟΦΟΡΙΚΗΣ ΜΕ ΕΦΑΡΜΟΓΕΣ ΣΤΗ ΒΙΟΪΑΤΡΙΚΗ (ΛΑΜΙΑ),Λαμία,12515.0,203.0,MIRROR_UNOFFICIAL,BASE_ONLY,"ΜΟΝΟ ΒΑΣΗ. Θέσεις/εισαχθέντες/κενές 2026 ΔΕΝ διαθέσιμα: το data.gov.gr δεν έχει dataset βάσεων 2026 (έλεγχος 7.144 datasets, 05/08/2026). Πηγή: aeitei.gr, mirror υπουργικών αρχείων — ΑΝΕΠΙΣΗΜΟ. Επαληθεύτηκε σε 13/13 τμήματα 1ου πεδίου έναντι ανεξάρτητης άντλησης."
272,12650,2ο,ΜΗΧΑΝΙΚΩΝ ΕΠΙΣΤΗΜΗΣ ΥΛΙΚΩΝ (ΙΩΑΝΝΙΝΑ),Ιωάννινα,11950.0,700.0,MIRROR_UNOFFICIAL,BASE_ONLY,"ΜΟΝΟ ΒΑΣΗ. Θέσεις/εισαχθέντες/κενές 2026 ΔΕΝ διαθέσιμα: το data.gov.gr δεν έχει dataset βάσεων 2026 (έλεγχος 7.144 datasets, 05/08/2026). Πηγή: aeitei.gr, mirror υπουργικών αρχείων — ΑΝΕΠΙΣΗΜΟ. Επαληθεύτηκε σε 13/13 τμήματα 1ου πεδίου έναντι ανεξάρτητης άντλησης."
230,12510,2ο,ΜΗΧΑΝΙΚΩΝ ΠΑΡΑΓΩΓΗΣ ΚΑΙ ΔΙΟΙΚΗΣΗΣ (ΧΑΝΙΑ),Χανιά,12290.0,220.0,MIRROR_UNOFFICIAL,BASE_ONLY,"ΜΟΝΟ ΒΑΣΗ. Θέσεις/εισαχθέντες/κενές 2026 ΔΕΝ διαθέσιμα: το data.gov.gr δεν έχει dataset βάσεων 2026 (έλεγχος 7.144 datasets, 05/08/2026). Πηγή: aeitei.gr, mirror υπουργικών αρχείων — ΑΝΕΠΙΣΗΜΟ. Επαληθεύτηκε σε 13/13 τμήματα 1ου πεδίου έναντι ανεξάρτητης άντλησης."
1620,12410,2ο,ΜΗΧΑΝΙΚΩΝ ΤΟΠΟΓΡΑΦΙΑΣ ΚΑΙ ΓΕΩΠΛΗΡΟΦΟΡΙΚΗΣ (ΣΕΡΡΕΣ),Σέρρες,11280.0,1130.0,MIRROR_UNOFFICIAL,BASE_ONLY,"ΜΟΝΟ ΒΑΣΗ. Θέσεις/εισαχθέντες/κενές 2026 ΔΕΝ διαθέσιμα: το data.gov.gr δεν έχει dataset βάσεων 2026 (έλεγχος 7.144 datasets, 05/08/2026). Πηγή: aeitei.gr, mirror υπουργικών αρχείων — ΑΝΕΠΙΣΗΜΟ. Επαληθεύτηκε σε 13/13 τμήματα 1ου πεδίου έναντι ανεξάρτητης άντλησης."
98,12400,2ο,ΠΛΗΡΟΦΟΡΙΚΗΣ ΚΑΙ ΤΗΛΕΠΙΚΟΙΝΩΝΙΩΝ (ΤΡΙΠΟΛΗ),Τρίπολη,11550.0,850.0,MIRROR_UNOFFICIAL,BASE_ONLY,"ΜΟΝΟ ΒΑΣΗ. Θέσεις/εισαχθέντες/κενές 2026 ΔΕΝ διαθέσιμα: το data.gov.gr δεν έχει dataset βάσεων 2026 (έλεγχος 7.144 datasets, 05/08/2026). Πηγή: aeitei.gr, mirror υπουργικών αρχείων — ΑΝΕΠΙΣΗΜΟ. Επαληθεύτηκε σε 13/13 τμήματα 1ου πεδίου έναντι ανεξάρτητης άντλησης."
363,12050,2ο,ΜΗΧΑΝΙΚΩΝ ΧΩΡΟΤΑΞΙΑΣ ΚΑΙ ΑΝΑΠΤΥΞΗΣ (ΘΕΣΣΑΛΟΝΙΚΗ),Θεσσαλονίκη,11350.0,700.0,MIRROR_UNOFFICIAL,BASE_ONLY,"ΜΟΝΟ ΒΑΣΗ. Θέσεις/εισαχθέντες/κενές 2026 ΔΕΝ διαθέσιμα: το data.gov.gr δεν έχει dataset βάσεων 2026 (έλεγχος 7.144 datasets, 05/08/2026). Πηγή: aeitei.gr, mirror υπουργικών αρχείων — ΑΝΕΠΙΣΗΜΟ. Επαληθεύτηκε σε 13/13 τμήματα 1ου πεδίου έναντι ανεξάρτητης άντλησης."
1554,12040,2ο,ΠΛΗΡΟΦΟΡΙΚΗΣ (ΚΑΣΤΟΡΙΑ),Καστοριά,10340.0,1700.0,MIRROR_UNOFFICIAL,BASE_ONLY,"ΜΟΝΟ ΒΑΣΗ. Θέσεις/εισαχθέντες/κενές 2026 ΔΕΝ διαθέσιμα: το data.gov.gr δεν έχει dataset βάσεων 2026 (έλεγχος 7.144 datasets, 05/08/2026). Πηγή: aeitei.gr, mirror υπουργικών αρχείων — ΑΝΕΠΙΣΗΜΟ. Επαληθεύτηκε σε 13/13 τμήματα 1ου πεδίου έναντι ανεξάρτητης άντλησης."
288,12020,2ο,ΕΠΙΣΤΗΜΗΣ ΤΩΝ ΥΛΙΚΩΝ (ΠΑΤΡΑ),Πάτρα,11093.0,927.0,MIRROR_UNOFFICIAL,BASE_ONLY,"ΜΟΝΟ ΒΑΣΗ. Θέσεις/εισαχθέντες/κενές 2026 ΔΕΝ διαθέσιμα: το data.gov.gr δεν έχει dataset βάσεων 2026 (έλεγχος 7.144 datasets, 05/08/2026). Πηγή: aeitei.gr, mirror υπουργικών αρχείων — ΑΝΕΠΙΣΗΜΟ. Επαληθεύτηκε σε 13/13 τμήματα 1ου πεδίου έναντι ανεξάρτητης άντλησης."
324,11980,2ο,ΕΠΙΣΤΗΜΗΣ ΖΩΙΚΗΣ ΠΑΡΑΓΩΓΗΣ (ΑΘΗΝΑ),Αθήνα,11950.0,30.0,MIRROR_UNOFFICIAL,BASE_ONLY,"ΜΟΝΟ ΒΑΣΗ. Θέσεις/εισαχθέντες/κενές 2026 ΔΕΝ διαθέσιμα: το data.gov.gr δεν έχει dataset βάσεων 2026 (έλεγχος 7.144 datasets, 05/08/2026). Πηγή: aeitei.gr, mirror υπουργικών αρχείων — ΑΝΕΠΙΣΗΜΟ. Επαληθεύτηκε σε 13/13 τμήματα 1ου πεδίου έναντι ανεξάρτητης άντλησης."
1002,11870,2ο,ΑΕΡΟΔΙΑΣΤΗΜΙΚΗΣ ΕΠΙΣΤΗΜΗΣ ΚΑΙ ΤΕΧΝΟΛΟΓΙΑΣ (ΨΑΧΝΑ ΕΥΒΟΙΑΣ),Ψαχνα Ευβοιας,10010.0,1860.0,MIRROR_UNOFFICIAL,BASE_ONLY,"ΜΟΝΟ ΒΑΣΗ. Θέσεις/εισαχθέντες/κενές 2026 ΔΕΝ διαθέσιμα: το data.gov.gr δεν έχει dataset βάσεων 2026 (έλεγχος 7.144 datasets, 05/08/2026). Πηγή: aeitei.gr, mirror υπουργικών αρχείων — ΑΝΕΠΙΣΗΜΟ. Επαληθεύτηκε σε 13/13 τμήματα 1ου πεδίου έναντι ανεξάρτητης άντλησης."
327,11770,2ο,ΑΞΙΟΠΟΙΗΣΗΣ ΦΥΣΙΚΩΝ ΠΟΡΩΝ ΚΑΙ ΓΕΩΡΓΙΚΗΣ ΜΗΧΑΝΙΚΗΣ (ΑΘΗΝΑ),Αθήνα,11315.0,455.0,MIRROR_UNOFFICIAL,BASE_ONLY,"ΜΟΝΟ ΒΑΣΗ. Θέσεις/εισαχθέντες/κενές 2026 ΔΕΝ διαθέσιμα: το data.gov.gr δεν έχει dataset βάσεων 2026 (έλεγχος 7.144 datasets, 05/08/2026). Πηγή: aeitei.gr, mirror υπουργικών αρχείων — ΑΝΕΠΙΣΗΜΟ. Επαληθεύτηκε σε 13/13 τμήματα 1ου πεδίου έναντι ανεξάρτητης άντλησης."
228,11690,2ο,"ΜΗΧΑΝΙΚΩΝ ΧΩΡΟΤΑΞΙΑΣ, ΠΟΛΕΟΔΟΜΙΑΣ ΚΑΙ ΠΕΡΙΦΕΡΕΙΑΚΗΣ ΑΝΑΠΤΥΞΗΣ (ΒΟΛΟΣ)",Βόλος,10553.0,1137.0,MIRROR_UNOFFICIAL,BASE_ONLY,"ΜΟΝΟ ΒΑΣΗ. Θέσεις/εισαχθέντες/κενές 2026 ΔΕΝ διαθέσιμα: το data.gov.gr δεν έχει dataset βάσεων 2026 (έλεγχος 7.144 datasets, 05/08/2026). Πηγή: aeitei.gr, mirror υπουργικών αρχείων — ΑΝΕΠΙΣΗΜΟ. Επαληθεύτηκε σε 13/13 τμήματα 1ου πεδίου έναντι ανεξάρτητης άντλησης."
257,11580,2ο,ΦΥΣΙΚΗΣ (ΠΑΤΡΑ),Πάτρα,10920.0,660.0,MIRROR_UNOFFICIAL,BASE_ONLY,"ΜΟΝΟ ΒΑΣΗ. Θέσεις/εισαχθέντες/κενές 2026 ΔΕΝ διαθέσιμα: το data.gov.gr δεν έχει dataset βάσεων 2026 (έλεγχος 7.144 datasets, 05/08/2026). Πηγή: aeitei.gr, mirror υπουργικών αρχείων — ΑΝΕΠΙΣΗΜΟ. Επαληθεύτηκε σε 13/13 τμήματα 1ου πεδίου έναντι ανεξάρτητης άντλησης."
274,11400,2ο,"ΓΕΩΠΟΝΙΑΣ, ΦΥΤΙΚΗΣ ΠΑΡΑΓΩΓΗΣ ΚΑΙ ΑΓΡΟΤΙΚΟΥ ΠΕΡΙΒΑΛΛΟΝΤΟΣ (ΒΟΛΟΣ)",Βόλος,11010.0,390.0,MIRROR_UNOFFICIAL,BASE_ONLY,"ΜΟΝΟ ΒΑΣΗ. Θέσεις/εισαχθέντες/κενές 2026 ΔΕΝ διαθέσιμα: το data.gov.gr δεν έχει dataset βάσεων 2026 (έλεγχος 7.144 datasets, 05/08/2026). Πηγή: aeitei.gr, mirror υπουργικών αρχείων — ΑΝΕΠΙΣΗΜΟ. Επαληθεύτηκε σε 13/13 τμήματα 1ου πεδίου έναντι ανεξάρτητης άντλησης."
1623,11400,2ο,ΜΗΧΑΝΙΚΩΝ ΠΕΡΙΒΑΛΛΟΝΤΟΣ (ΘΕΣΣΑΛΟΝΙΚΗ),Θεσσαλονίκη,10510.0,890.0,MIRROR_UNOFFICIAL,BASE_ONLY,"ΜΟΝΟ ΒΑΣΗ. Θέσεις/εισαχθέντες/κενές 2026 ΔΕΝ διαθέσιμα: το data.gov.gr δεν έχει dataset βάσεων 2026 (έλεγχος 7.144 datasets, 05/08/2026). Πηγή: aeitei.gr, mirror υπουργικών αρχείων — ΑΝΕΠΙΣΗΜΟ. Επαληθεύτηκε σε 13/13 τμήματα 1ου πεδίου έναντι ανεξάρτητης άντλησης."
497,11345,2ο,ΕΚΠΑΙΔΕΥΤΙΚΩΝ ΗΛΕΚΤΡΟΛΟΓΩΝ ΜΗΧΑΝΙΚΩΝ ΚΑΙ ΕΚΠΑΙΔΕΥΤΙΚΩΝ ΗΛΕΚΤΡΟΝΙΚΩΝ ΜΗΧΑΝΙΚΩΝ - ΕΚΠΑΙΔΕΥΤΙΚΩΝ ΗΛΕΚΤΡΟΛΟΓΩΝ ΜΗΧΑΝΙΚΩΝ (ΑΘΗΝΑ),Αθήνα,10315.0,1030.0,MIRROR_UNOFFICIAL,BASE_ONLY,"ΜΟΝΟ ΒΑΣΗ. Θέσεις/εισαχθέντες/κενές 2026 ΔΕΝ διαθέσιμα: το data.gov.gr δεν έχει dataset βάσεων 2026 (έλεγχος 7.144 datasets, 05/08/2026). Πηγή: aeitei.gr, mirror υπουργικών αρχείων — ΑΝΕΠΙΣΗΜΟ. Επαληθεύτηκε σε 13/13 τμήματα 1ου πεδίου έναντι ανεξάρτητης άντλησης."
816,11316,2ο,ΝΑΥΤΙΚΩΝ ΔΟΚΙΜΩΝ (ΣΝΔ) ΜΗΧΑΝΙΚΟΙ,Σνδ,11898.0,-582.0,MIRROR_UNOFFICIAL,BASE_ONLY,"ΜΟΝΟ ΒΑΣΗ. Θέσεις/εισαχθέντες/κενές 2026 ΔΕΝ διαθέσιμα: το data.gov.gr δεν έχει dataset βάσεων 2026 (έλεγχος 7.144 datasets, 05/08/2026). Πηγή: aeitei.gr, mirror υπουργικών αρχείων — ΑΝΕΠΙΣΗΜΟ. Επαληθεύτηκε σε 13/13 τμήματα 1ου πεδίου έναντι ανεξάρτητης άντλησης."
1628,11305,2ο,ΦΥΣΙΚΗΣ (ΚΑΒΑΛΑ),Καβάλα,9504.0,1801.0,MIRROR_UNOFFICIAL,BASE_ONLY,"ΜΟΝΟ ΒΑΣΗ. Θέσεις/εισαχθέντες/κενές 2026 ΔΕΝ διαθέσιμα: το data.gov.gr δεν έχει dataset βάσεων 2026 (έλεγχος 7.144 datasets, 05/08/2026). Πηγή: aeitei.gr, mirror υπουργικών αρχείων — ΑΝΕΠΙΣΗΜΟ. Επαληθεύτηκε σε 13/13 τμήματα 1ου πεδίου έναντι ανεξάρτητης άντλησης."
356,11250,2ο,ΓΕΩΓΡΑΦΙΑΣ (ΑΘΗΝΑ),Αθήνα,10725.0,525.0,MIRROR_UNOFFICIAL,BASE_ONLY,"ΜΟΝΟ ΒΑΣΗ. Θέσεις/εισαχθέντες/κενές 2026 ΔΕΝ διαθέσιμα: το data.gov.gr δεν έχει dataset βάσεων 2026 (έλεγχος 7.144 datasets, 05/08/2026). Πηγή: aeitei.gr, mirror υπουργικών αρχείων — ΑΝΕΠΙΣΗΜΟ. Επαληθεύτηκε σε 13/13 τμήματα 1ου πεδίου έναντι ανεξάρτητης άντλησης."
863,11120,2ο,ΜΟΝΙΜΩΝ ΥΠΑΞΙΩΜΑΤΙΚΩΝ ΣΤΡΑΤΟΥ (Σ.Μ.Υ.) - ΣΩΜΑΤΑ,Σ.Μ.Υ.,13080.0,-1960.0,MIRROR_UNOFFICIAL,BASE_ONLY,"ΜΟΝΟ ΒΑΣΗ. Θέσεις/εισαχθέντες/κενές 2026 ΔΕΝ διαθέσιμα: το data.gov.gr δεν έχει dataset βάσεων 2026 (έλεγχος 7.144 datasets, 05/08/2026). Πηγή: aeitei.gr, mirror υπουργικών αρχείων — ΑΝΕΠΙΣΗΜΟ. Επαληθεύτηκε σε 13/13 τμήματα 1ου πεδίου έναντι ανεξάρτητης άντλησης."
811,11109,2ο,ΝΑΥΤΙΚΩΝ ΔΟΚΙΜΩΝ (ΣΝΔ) ΜΑΧΙΜΟΙ,Σνδ,11069.0,40.0,MIRROR_UNOFFICIAL,BASE_ONLY,"ΜΟΝΟ ΒΑΣΗ. Θέσεις/εισαχθέντες/κενές 2026 ΔΕΝ διαθέσιμα: το data.gov.gr δεν έχει dataset βάσεων 2026 (έλεγχος 7.144 datasets, 05/08/2026). Πηγή: aeitei.gr, mirror υπουργικών αρχείων — ΑΝΕΠΙΣΗΜΟ. Επαληθεύτηκε σε 13/13 τμήματα 1ου πεδίου έναντι ανεξάρτητης άντλησης."
776,11100,2ο,ΕΚΠΑΙΔΕΥΤΙΚΩΝ ΠΟΛΙΤΙΚΩΝ ΜΗΧΑΝΙΚΩΝ (ΑΘΗΝΑ),Αθήνα,10315.0,785.0,MIRROR_UNOFFICIAL,BASE_ONLY,"ΜΟΝΟ ΒΑΣΗ. Θέσεις/εισαχθέντες/κενές 2026 ΔΕΝ διαθέσιμα: το data.gov.gr δεν έχει dataset βάσεων 2026 (έλεγχος 7.144 datasets, 05/08/2026). Πηγή: aeitei.gr, mirror υπουργικών αρχείων — ΑΝΕΠΙΣΗΜΟ. Επαληθεύτηκε σε 13/13 τμήματα 1ου πεδίου έναντι ανεξάρτητης άντλησης."
283,11100,2ο,ΓΕΩΛΟΓΙΑΣ ΚΑΙ ΓΕΩΠΕΡΙΒΑΛΛΟΝΤΟΣ (ΑΘΗΝΑ),Αθήνα,11100.0,0.0,MIRROR_UNOFFICIAL,BASE_ONLY,"ΜΟΝΟ ΒΑΣΗ. Θέσεις/εισαχθέντες/κενές 2026 ΔΕΝ διαθέσιμα: το data.gov.gr δεν έχει dataset βάσεων 2026 (έλεγχος 7.144 datasets, 05/08/2026). Πηγή: aeitei.gr, mirror υπουργικών αρχείων — ΑΝΕΠΙΣΗΜΟ. Επαληθεύτηκε σε 13/13 τμήματα 1ου πεδίου έναντι ανεξάρτητης άντλησης."
344,11070,2ο,ΜΗΧΑΝΙΚΩΝ ΠΛΗΡΟΦΟΡΙΑΚΩΝ ΚΑΙ ΕΠΙΚΟΙΝΩΝΙΑΚΩΝ ΣΥΣΤΗΜΑΤΩΝ (ΣΑΜΟΣ),Σάμος,9660.0,1410.0,MIRROR_UNOFFICIAL,BASE_ONLY,"ΜΟΝΟ ΒΑΣΗ. Θέσεις/εισαχθέντες/κενές 2026 ΔΕΝ διαθέσιμα: το data.gov.gr δεν έχει dataset βάσεων 2026 (έλεγχος 7.144 datasets, 05/08/2026). Πηγή: aeitei.gr, mirror υπουργικών αρχείων — ΑΝΕΠΙΣΗΜΟ. Επαληθεύτηκε σε 13/13 τμήματα 1ου πεδίου έναντι ανεξάρτητης άντλησης."
200,11020,2ο,ΕΠΙΣΤΗΜΗΣ ΚΑΙ ΜΗΧΑΝΙΚΗΣ ΥΛΙΚΩΝ (ΗΡΑΚΛΕΙΟ),Ηράκλειο,10780.0,240.0,MIRROR_UNOFFICIAL,BASE_ONLY,"ΜΟΝΟ ΒΑΣΗ. Θέσεις/εισαχθέντες/κενές 2026 ΔΕΝ διαθέσιμα: το data.gov.gr δεν έχει dataset βάσεων 2026 (έλεγχος 7.144 datasets, 05/08/2026). Πηγή: aeitei.gr, mirror υπουργικών αρχείων — ΑΝΕΠΙΣΗΜΟ. Επαληθεύτηκε σε 13/13 τμήματα 1ου πεδίου έναντι ανεξάρτητης άντλησης."
1662,10965,2ο,ΗΛΕΚΤΡΟΝΙΚΩΝ ΜΗΧΑΝΙΚΩΝ (ΧΑΝΙΑ),Χανιά,10071.0,894.0,MIRROR_UNOFFICIAL,BASE_ONLY,"ΜΟΝΟ ΒΑΣΗ. Θέσεις/εισαχθέντες/κενές 2026 ΔΕΝ διαθέσιμα: το data.gov.gr δεν έχει dataset βάσεων 2026 (έλεγχος 7.144 datasets, 05/08/2026). Πηγή: aeitei.gr, mirror υπουργικών αρχείων — ΑΝΕΠΙΣΗΜΟ. Επαληθεύτηκε σε 13/13 τμήματα 1ου πεδίου έναντι ανεξάρτητης άντλησης."
477,10865,2ο,ΕΚΠΑΙΔΕΥΤΙΚΩΝ ΜΗΧΑΝΟΛΟΓΩΝ ΜΗΧΑΝΙΚΩΝ (ΑΘΗΝΑ),Αθήνα,10255.0,610.0,MIRROR_UNOFFICIAL,BASE_ONLY,"ΜΟΝΟ ΒΑΣΗ. Θέσεις/εισαχθέντες/κενές 2026 ΔΕΝ διαθέσιμα: το data.gov.gr δεν έχει dataset βάσεων 2026 (έλεγχος 7.144 datasets, 05/08/2026). Πηγή: aeitei.gr, mirror υπουργικών αρχείων — ΑΝΕΠΙΣΗΜΟ. Επαληθεύτηκε σε 13/13 τμήματα 1ου πεδίου έναντι ανεξάρτητης άντλησης."
1439,10720,2ο,ΨΗΦΙΑΚΩΝ ΣΥΣΤΗΜΑΤΩΝ (ΛΑΡΙΣΑ),Λάρισα,10445.0,275.0,MIRROR_UNOFFICIAL,BASE_ONLY,"ΜΟΝΟ ΒΑΣΗ. Θέσεις/εισαχθέντες/κενές 2026 ΔΕΝ διαθέσιμα: το data.gov.gr δεν έχει dataset βάσεων 2026 (έλεγχος 7.144 datasets, 05/08/2026). Πηγή: aeitei.gr, mirror υπουργικών αρχείων — ΑΝΕΠΙΣΗΜΟ. Επαληθεύτηκε σε 13/13 τμήματα 1ου πεδίου έναντι ανεξάρτητης άντλησης."
1555,10700,2ο,ΜΑΘΗΜΑΤΙΚΩΝ (ΚΑΣΤΟΡΙΑ),Καστοριά,9850.0,850.0,MIRROR_UNOFFICIAL,BASE_ONLY,"ΜΟΝΟ ΒΑΣΗ. Θέσεις/εισαχθέντες/κενές 2026 ΔΕΝ διαθέσιμα: το data.gov.gr δεν έχει dataset βάσεων 2026 (έλεγχος 7.144 datasets, 05/08/2026). Πηγή: aeitei.gr, mirror υπουργικών αρχείων — ΑΝΕΠΙΣΗΜΟ. Επαληθεύτηκε σε 13/13 τμήματα 1ου πεδίου έναντι ανεξάρτητης άντλησης."
476,10660,2ο,ΜΗΧΑΝΙΚΩΝ ΠΕΡΙΒΑΛΛΟΝΤΟΣ (ΞΑΝΘΗ),Ξάνθη,9790.0,870.0,MIRROR_UNOFFICIAL,BASE_ONLY,"ΜΟΝΟ ΒΑΣΗ. Θέσεις/εισαχθέντες/κενές 2026 ΔΕΝ διαθέσιμα: το data.gov.gr δεν έχει dataset βάσεων 2026 (έλεγχος 7.144 datasets, 05/08/2026). Πηγή: aeitei.gr, mirror υπουργικών αρχείων — ΑΝΕΠΙΣΗΜΟ. Επαληθεύτηκε σε 13/13 τμήματα 1ου πεδίου έναντι ανεξάρτητης άντλησης."
1518,10650,2ο,ΔΙΟΙΚΗΤΙΚΗΣ ΕΠΙΣΤΗΜΗΣ ΚΑΙ ΤΕΧΝΟΛΟΓΙΑΣ (ΤΡΙΠΟΛΗ),Τρίπολη,10075.0,575.0,MIRROR_UNOFFICIAL,BASE_ONLY,"ΜΟΝΟ ΒΑΣΗ. Θέσεις/εισαχθέντες/κενές 2026 ΔΕΝ διαθέσιμα: το data.gov.gr δεν έχει dataset βάσεων 2026 (έλεγχος 7.144 datasets, 05/08/2026). Πηγή: aeitei.gr, mirror υπουργικών αρχείων — ΑΝΕΠΙΣΗΜΟ. Επαληθεύτηκε σε 13/13 τμήματα 1ου πεδίου έναντι ανεξάρτητης άντλησης."
247,10600,2ο,ΜΑΘΗΜΑΤΙΚΩΝ (ΠΑΤΡΑ),Πάτρα,10053.0,547.0,MIRROR_UNOFFICIAL,BASE_ONLY,"ΜΟΝΟ ΒΑΣΗ. Θέσεις/εισαχθέντες/κενές 2026 ΔΕΝ διαθέσιμα: το data.gov.gr δεν έχει dataset βάσεων 2026 (έλεγχος 7.144 datasets, 05/08/2026). Πηγή: aeitei.gr, mirror υπουργικών αρχείων — ΑΝΕΠΙΣΗΜΟ. Επαληθεύτηκε σε 13/13 τμήματα 1ου πεδίου έναντι ανεξάρτητης άντλησης."
251,10600,2ο,ΜΑΘΗΜΑΤΙΚΩΝ KAI ΕΦΑΡΜΟΣΜΕΝΩΝ ΜΑΘΗΜΑΤΙΚΩΝ (ΗΡΑΚΛΕΙΟ) - ΜΑΘΗΜΑΤΙΚΩΝ,Ηράκλειο,9515.0,1085.0,MIRROR_UNOFFICIAL,BASE_ONLY,"ΜΟΝΟ ΒΑΣΗ. Θέσεις/εισαχθέντες/κενές 2026 ΔΕΝ διαθέσιμα: το data.gov.gr δεν έχει dataset βάσεων 2026 (έλεγχος 7.144 datasets, 05/08/2026). Πηγή: aeitei.gr, mirror υπουργικών αρχείων — ΑΝΕΠΙΣΗΜΟ. Επαληθεύτηκε σε 13/13 τμήματα 1ου πεδίου έναντι ανεξάρτητης άντλησης."
252,10590,2ο,ΜΑΘΗΜΑΤΙΚΩΝ (ΣΑΜΟΣ),Σάμος,11275.0,-685.0,MIRROR_UNOFFICIAL,BASE_ONLY,"ΜΟΝΟ ΒΑΣΗ. Θέσεις/εισαχθέντες/κενές 2026 ΔΕΝ διαθέσιμα: το data.gov.gr δεν έχει dataset βάσεων 2026 (έλεγχος 7.144 datasets, 05/08/2026). Πηγή: aeitei.gr, mirror υπουργικών αρχείων — ΑΝΕΠΙΣΗΜΟ. Επαληθεύτηκε σε 13/13 τμήματα 1ου πεδίου έναντι ανεξάρτητης άντλησης."
238,10580,2ο,ΜΗΧΑΝΙΚΩΝ ΣΧΕΔΙΑΣΗΣ ΠΡΟΪΟΝΤΩΝ ΚΑΙ ΣΥΣΤΗΜΑΤΩΝ (ΣΥΡΟΣ),Σύρος,10330.0,250.0,MIRROR_UNOFFICIAL,BASE_ONLY,"ΜΟΝΟ ΒΑΣΗ. Θέσεις/εισαχθέντες/κενές 2026 ΔΕΝ διαθέσιμα: το data.gov.gr δεν έχει dataset βάσεων 2026 (έλεγχος 7.144 datasets, 05/08/2026). Πηγή: aeitei.gr, mirror υπουργικών αρχείων — ΑΝΕΠΙΣΗΜΟ. Επαληθεύτηκε σε 13/13 τμήματα 1ου πεδίου έναντι ανεξάρτητης άντλησης."
248,10575,2ο,ΜΑΘΗΜΑΤΙΚΩΝ KAI ΕΦΑΡΜΟΣΜΕΝΩΝ ΜΑΘΗΜΑΤΙΚΩΝ (ΗΡΑΚΛΕΙΟ) - ΕΦΑΡΜΟΣΜΕΝΩΝ ΜΑΘΗΜΑΤΙΚΩΝ,Ηράκλειο,9675.0,900.0,MIRROR_UNOFFICIAL,BASE_ONLY,"ΜΟΝΟ ΒΑΣΗ. Θέσεις/εισαχθέντες/κενές 2026 ΔΕΝ διαθέσιμα: το data.gov.gr δεν έχει dataset βάσεων 2026 (έλεγχος 7.144 datasets, 05/08/2026). Πηγή: aeitei.gr, mirror υπουργικών αρχείων — ΑΝΕΠΙΣΗΜΟ. Επαληθεύτηκε σε 13/13 τμήματα 1ου πεδίου έναντι ανεξάρτητης άντλησης."
1541,10525,2ο,ΜΗΧΑΝΙΚΩΝ ΟΡΥΚΤΩΝ ΠΟΡΩΝ (ΚΟΖΑΝΗ),Κοζάνη,9825.0,700.0,MIRROR_UNOFFICIAL,BASE_ONLY,"ΜΟΝΟ ΒΑΣΗ. Θέσεις/εισαχθέντες/κενές 2026 ΔΕΝ διαθέσιμα: το data.gov.gr δεν έχει dataset βάσεων 2026 (έλεγχος 7.144 datasets, 05/08/2026). Πηγή: aeitei.gr, mirror υπουργικών αρχείων — ΑΝΕΠΙΣΗΜΟ. Επαληθεύτηκε σε 13/13 τμήματα 1ου πεδίου έναντι ανεξάρτητης άντλησης."
287,10500,2ο,ΓΕΩΛΟΓΙΑΣ (ΠΑΤΡΑ),Πάτρα,9280.0,1220.0,MIRROR_UNOFFICIAL,BASE_ONLY,"ΜΟΝΟ ΒΑΣΗ. Θέσεις/εισαχθέντες/κενές 2026 ΔΕΝ διαθέσιμα: το data.gov.gr δεν έχει dataset βάσεων 2026 (έλεγχος 7.144 datasets, 05/08/2026). Πηγή: aeitei.gr, mirror υπουργικών αρχείων — ΑΝΕΠΙΣΗΜΟ. Επαληθεύτηκε σε 13/13 τμήματα 1ου πεδίου έναντι ανεξάρτητης άντλησης."
1437,10500,2ο,ΦΥΣΙΚΗΣ (ΛΑΜΙΑ),Λαμία,9925.0,575.0,MIRROR_UNOFFICIAL,BASE_ONLY,"ΜΟΝΟ ΒΑΣΗ. Θέσεις/εισαχθέντες/κενές 2026 ΔΕΝ διαθέσιμα: το data.gov.gr δεν έχει dataset βάσεων 2026 (έλεγχος 7.144 datasets, 05/08/2026). Πηγή: aeitei.gr, mirror υπουργικών αρχείων — ΑΝΕΠΙΣΗΜΟ. Επαληθεύτηκε σε 13/13 τμήματα 1ου πεδίου έναντι ανεξάρτητης άντλησης."
285,10500,2ο,ΓΕΩΛΟΓΙΑΣ (ΘΕΣΣΑΛΟΝΙΚΗ),Θεσσαλονίκη,9825.0,675.0,MIRROR_UNOFFICIAL,BASE_ONLY,"ΜΟΝΟ ΒΑΣΗ. Θέσεις/εισαχθέντες/κενές 2026 ΔΕΝ διαθέσιμα: το data.gov.gr δεν έχει dataset βάσεων 2026 (έλεγχος 7.144 datasets, 05/08/2026). Πηγή: aeitei.gr, mirror υπουργικών αρχείων — ΑΝΕΠΙΣΗΜΟ. Επαληθεύτηκε σε 13/13 τμήματα 1ου πεδίου έναντι ανεξάρτητης άντλησης."
323,10490,2ο,ΕΠΙΣΤΗΜΗΣ ΦΥΤΙΚΗΣ ΠΑΡΑΓΩΓΗΣ (ΑΘΗΝΑ),Αθήνα,14720.0,-4230.0,MIRROR_UNOFFICIAL,BASE_ONLY,"ΜΟΝΟ ΒΑΣΗ. Θέσεις/εισαχθέντες/κενές 2026 ΔΕΝ διαθέσιμα: το data.gov.gr δεν έχει dataset βάσεων 2026 (έλεγχος 7.144 datasets, 05/08/2026). Πηγή: aeitei.gr, mirror υπουργικών αρχείων — ΑΝΕΠΙΣΗΜΟ. Επαληθεύτηκε σε 13/13 τμήματα 1ου πεδίου έναντι ανεξάρτητης άντλησης."
275,10460,2ο,ΔΑΣΟΛΟΓΙΑΣ ΚΑΙ ΦΥΣΙΚΟΥ ΠΕΡΙΒΑΛΛΟΝΤΟΣ (ΘΕΣΣΑΛΟΝΙΚΗ),Θεσσαλονίκη,11340.0,-880.0,MIRROR_UNOFFICIAL,BASE_ONLY,"ΜΟΝΟ ΒΑΣΗ. Θέσεις/εισαχθέντες/κενές 2026 ΔΕΝ διαθέσιμα: το data.gov.gr δεν έχει dataset βάσεων 2026 (έλεγχος 7.144 datasets, 05/08/2026). Πηγή: aeitei.gr, mirror υπουργικών αρχείων — ΑΝΕΠΙΣΗΜΟ. Επαληθεύτηκε σε 13/13 τμήματα 1ου πεδίου έναντι ανεξάρτητης άντλησης."
259,10416,2ο,ΦΥΣΙΚΗΣ (ΙΩΑΝΝΙΝΑ),Ιωάννινα,9365.0,1051.0,MIRROR_UNOFFICIAL,BASE_ONLY,"ΜΟΝΟ ΒΑΣΗ. Θέσεις/εισαχθέντες/κενές 2026 ΔΕΝ διαθέσιμα: το data.gov.gr δεν έχει dataset βάσεων 2026 (έλεγχος 7.144 datasets, 05/08/2026). Πηγή: aeitei.gr, mirror υπουργικών αρχείων — ΑΝΕΠΙΣΗΜΟ. Επαληθεύτηκε σε 13/13 τμήματα 1ου πεδίου έναντι ανεξάρτητης άντλησης."
1512,10370,2ο,ΕΠΙΣΤΗΜΗΣ ΚΑΙ ΤΕΧΝΟΛΟΓΙΑΣ ΤΡΟΦΙΜΩΝ (ΚΑΛΑΜΑΤΑ),Καλαμάτα,10180.0,190.0,MIRROR_UNOFFICIAL,BASE_ONLY,"ΜΟΝΟ ΒΑΣΗ. Θέσεις/εισαχθέντες/κενές 2026 ΔΕΝ διαθέσιμα: το data.gov.gr δεν έχει dataset βάσεων 2026 (έλεγχος 7.144 datasets, 05/08/2026). Πηγή: aeitei.gr, mirror υπουργικών αρχείων — ΑΝΕΠΙΣΗΜΟ. Επαληθεύτηκε σε 13/13 τμήματα 1ου πεδίου έναντι ανεξάρτητης άντλησης."
1432,10335,2ο,ΜΑΘΗΜΑΤΙΚΩΝ (ΛΑΜΙΑ),Λαμία,9365.0,970.0,MIRROR_UNOFFICIAL,BASE_ONLY,"ΜΟΝΟ ΒΑΣΗ. Θέσεις/εισαχθέντες/κενές 2026 ΔΕΝ διαθέσιμα: το data.gov.gr δεν έχει dataset βάσεων 2026 (έλεγχος 7.144 datasets, 05/08/2026). Πηγή: aeitei.gr, mirror υπουργικών αρχείων — ΑΝΕΠΙΣΗΜΟ. Επαληθεύτηκε σε 13/13 τμήματα 1ου πεδίου έναντι ανεξάρτητης άντλησης."
99,10325,2ο,ΠΛΗΡΟΦΟΡΙΚΗΣ ΚΑΙ ΤΗΛΕΠΙΚΟΙΝΩΝΙΩΝ (ΛΑΜΙΑ),Λαμία,10500.0,-175.0,MIRROR_UNOFFICIAL,BASE_ONLY,"ΜΟΝΟ ΒΑΣΗ. Θέσεις/εισαχθέντες/κενές 2026 ΔΕΝ διαθέσιμα: το data.gov.gr δεν έχει dataset βάσεων 2026 (έλεγχος 7.144 datasets, 05/08/2026). Πηγή: aeitei.gr, mirror υπουργικών αρχείων — ΑΝΕΠΙΣΗΜΟ. Επαληθεύτηκε σε 13/13 τμήματα 1ου πεδίου έναντι ανεξάρτητης άντλησης."
685,10320,2ο,"ΕΠΙΣΤΗΜΩΝ ΟΙΝΟΥ, ΑΜΠΕΛΟΥ ΚΑΙ ΠΟΤΩΝ (ΑΙΓΑΛΕΩ)",Αιγάλεω,11600.0,-1280.0,MIRROR_UNOFFICIAL,BASE_ONLY,"ΜΟΝΟ ΒΑΣΗ. Θέσεις/εισαχθέντες/κενές 2026 ΔΕΝ διαθέσιμα: το data.gov.gr δεν έχει dataset βάσεων 2026 (έλεγχος 7.144 datasets, 05/08/2026). Πηγή: aeitei.gr, mirror υπουργικών αρχείων — ΑΝΕΠΙΣΗΜΟ. Επαληθεύτηκε σε 13/13 τμήματα 1ου πεδίου έναντι ανεξάρτητης άντλησης."
249,10315,2ο,ΜΑΘΗΜΑΤΙΚΩΝ (ΙΩΑΝΝΙΝΑ),Ιωάννινα,9385.0,930.0,MIRROR_UNOFFICIAL,BASE_ONLY,"ΜΟΝΟ ΒΑΣΗ. Θέσεις/εισαχθέντες/κενές 2026 ΔΕΝ διαθέσιμα: το data.gov.gr δεν έχει dataset βάσεων 2026 (έλεγχος 7.144 datasets, 05/08/2026). Πηγή: aeitei.gr, mirror υπουργικών αρχείων — ΑΝΕΠΙΣΗΜΟ. Επαληθεύτηκε σε 13/13 τμήματα 1ου πεδίου έναντι ανεξάρτητης άντλησης."
1634,10310,2ο,ΓΕΩΠΟΝΙΑΣ (ΘΕΣΣΑΛΟΝΙΚΗ) - ΔΙ.ΠΑ.Ε.,Θεσσαλονίκη,11040.0,-730.0,MIRROR_UNOFFICIAL,BASE_ONLY,"ΜΟΝΟ ΒΑΣΗ. Θέσεις/εισαχθέντες/κενές 2026 ΔΕΝ διαθέσιμα: το data.gov.gr δεν έχει dataset βάσεων 2026 (έλεγχος 7.144 datasets, 05/08/2026). Πηγή: aeitei.gr, mirror υπουργικών αρχείων — ΑΝΕΠΙΣΗΜΟ. Επαληθεύτηκε σε 13/13 τμήματα 1ου πεδίου έναντι ανεξάρτητης άντλησης."
242,10170,2ο,ΜΗΧΑΝΙΚΩΝ ΟΡΥΚΤΩΝ ΠΟΡΩΝ (ΧΑΝΙΑ),Χανιά,9440.0,730.0,MIRROR_UNOFFICIAL,BASE_ONLY,"ΜΟΝΟ ΒΑΣΗ. Θέσεις/εισαχθέντες/κενές 2026 ΔΕΝ διαθέσιμα: το data.gov.gr δεν έχει dataset βάσεων 2026 (έλεγχος 7.144 datasets, 05/08/2026). Πηγή: aeitei.gr, mirror υπουργικών αρχείων — ΑΝΕΠΙΣΗΜΟ. Επαληθεύτηκε σε 13/13 τμήματα 1ου πεδίου έναντι ανεξάρτητης άντλησης."
1008,10060,2ο,ΤΕΧΝΟΛΟΓΙΩΝ ΨΗΦΙΑΚΗΣ ΒΙΟΜΗΧΑΝΙΑΣ (ΨΑΧΝΑ ΕΥΒΟΙΑΣ),Ψαχνα Ευβοιας,9830.0,230.0,MIRROR_UNOFFICIAL,BASE_ONLY,"ΜΟΝΟ ΒΑΣΗ. Θέσεις/εισαχθέντες/κενές 2026 ΔΕΝ διαθέσιμα: το data.gov.gr δεν έχει dataset βάσεων 2026 (έλεγχος 7.144 datasets, 05/08/2026). Πηγή: aeitei.gr, mirror υπουργικών αρχείων — ΑΝΕΠΙΣΗΜΟ. Επαληθεύτηκε σε 13/13 τμήματα 1ου πεδίου έναντι ανεξάρτητης άντλησης."
1429,10050,2ο,ΕΠΙΣΤΗΜΗΣ ΤΡΟΦΙΜΩΝ ΚΑΙ ΔΙΑΤΡΟΦΗΣ (ΚΑΡΔΙΤΣΑ),Καρδίτσα,9775.0,275.0,MIRROR_UNOFFICIAL,BASE_ONLY,"ΜΟΝΟ ΒΑΣΗ. Θέσεις/εισαχθέντες/κενές 2026 ΔΕΝ διαθέσιμα: το data.gov.gr δεν έχει dataset βάσεων 2026 (έλεγχος 7.144 datasets, 05/08/2026). Πηγή: aeitei.gr, mirror υπουργικών αρχείων — ΑΝΕΠΙΣΗΜΟ. Επαληθεύτηκε σε 13/13 τμήματα 1ου πεδίου έναντι ανεξάρτητης άντλησης."
676,10010,2ο,ΣΥΝΤΗΡΗΣΗΣ ΑΡΧΑΙΟΤΗΤΩΝ ΚΑΙ ΕΡΓΩΝ ΤΕΧΝΗΣ (ΑΙΓΑΛΕΩ),Αιγάλεω,10500.0,-490.0,MIRROR_UNOFFICIAL,BASE_ONLY,"ΜΟΝΟ ΒΑΣΗ. Θέσεις/εισαχθέντες/κενές 2026 ΔΕΝ διαθέσιμα: το data.gov.gr δεν έχει dataset βάσεων 2026 (έλεγχος 7.144 datasets, 05/08/2026). Πηγή: aeitei.gr, mirror υπουργικών αρχείων — ΑΝΕΠΙΣΗΜΟ. Επαληθεύτηκε σε 13/13 τμήματα 1ου πεδίου έναντι ανεξάρτητης άντλησης."
1607,9980,2ο,ΔΙΟΙΚΗΤΙΚΗΣ ΕΠΙΣΤΗΜΗΣ ΚΑΙ ΤΕΧΝΟΛΟΓΙΑΣ (ΚΑΒΑΛΑ),Καβάλα,9530.0,450.0,MIRROR_UNOFFICIAL,BASE_ONLY,"ΜΟΝΟ ΒΑΣΗ. Θέσεις/εισαχθέντες/κενές 2026 ΔΕΝ διαθέσιμα: το data.gov.gr δεν έχει dataset βάσεων 2026 (έλεγχος 7.144 datasets, 05/08/2026). Πηγή: aeitei.gr, mirror υπουργικών αρχείων — ΑΝΕΠΙΣΗΜΟ. Επαληθεύτηκε σε 13/13 τμήματα 1ου πεδίου έναντι ανεξάρτητης άντλησης."
1603,9940,2ο,ΔΙΟΙΚΗΣΗΣ ΕΦΟΔΙΑΣΤΙΚΗΣ ΑΛΥΣΙΔΑΣ (ΚΑΤΕΡΙΝΗ),Κατερίνη,9660.0,280.0,MIRROR_UNOFFICIAL,BASE_ONLY,"ΜΟΝΟ ΒΑΣΗ. Θέσεις/εισαχθέντες/κενές 2026 ΔΕΝ διαθέσιμα: το data.gov.gr δεν έχει dataset βάσεων 2026 (έλεγχος 7.144 datasets, 05/08/2026). Πηγή: aeitei.gr, mirror υπουργικών αρχείων — ΑΝΕΠΙΣΗΜΟ. Επαληθεύτηκε σε 13/13 τμήματα 1ου πεδίου έναντι ανεξάρτητης άντλησης."
360,9900,2ο,"ΓΕΩΠΟΝΙΑΣ, ΙΧΘΥΟΛΟΓΙΑΣ ΚΑΙ ΥΔΑΤΙΝΟΥ ΠΕΡΙΒΑΛΛΟΝΤΟΣ (ΒΟΛΟΣ)",Βόλος,9600.0,300.0,MIRROR_UNOFFICIAL,BASE_ONLY,"ΜΟΝΟ ΒΑΣΗ. Θέσεις/εισαχθέντες/κενές 2026 ΔΕΝ διαθέσιμα: το data.gov.gr δεν έχει dataset βάσεων 2026 (έλεγχος 7.144 datasets, 05/08/2026). Πηγή: aeitei.gr, mirror υπουργικών αρχείων — ΑΝΕΠΙΣΗΜΟ. Επαληθεύτηκε σε 13/13 τμήματα 1ου πεδίου έναντι ανεξάρτητης άντλησης."
372,9900,2ο,ΕΠΙΣΤΗΜΗΣ ΤΡΟΦΙΜΩΝ ΚΑΙ ΔΙΑΤΡΟΦΗΣ (ΛΗΜΝΟΣ),Λημνος,9600.0,300.0,MIRROR_UNOFFICIAL,BASE_ONLY,"ΜΟΝΟ ΒΑΣΗ. Θέσεις/εισαχθέντες/κενές 2026 ΔΕΝ διαθέσιμα: το data.gov.gr δεν έχει dataset βάσεων 2026 (έλεγχος 7.144 datasets, 05/08/2026). Πηγή: aeitei.gr, mirror υπουργικών αρχείων — ΑΝΕΠΙΣΗΜΟ. Επαληθεύτηκε σε 13/13 τμήματα 1ου πεδίου έναντι ανεξάρτητης άντλησης."
1428,9875,2ο,ΕΠΙΣΤΗΜΗΣ ΖΩΙΚΗΣ ΠΑΡΑΓΩΓΗΣ (ΛΑΡΙΣΑ),Λάρισα,9600.0,275.0,MIRROR_UNOFFICIAL,BASE_ONLY,"ΜΟΝΟ ΒΑΣΗ. Θέσεις/εισαχθέντες/κενές 2026 ΔΕΝ διαθέσιμα: το data.gov.gr δεν έχει dataset βάσεων 2026 (έλεγχος 7.144 datasets, 05/08/2026). Πηγή: aeitei.gr, mirror υπουργικών αρχείων — ΑΝΕΠΙΣΗΜΟ. Επαληθεύτηκε σε 13/13 τμήματα 1ου πεδίου έναντι ανεξάρτητης άντλησης."
1632,9875,2ο,ΦΥΣΙΚΟΥ ΠΕΡΙΒΑΛΛΟΝΤΟΣ ΚΑΙ ΚΛΙΜΑΤΙΚΗΣ ΑΝΘΕΚΤΙΚΟΤΗΤΑΣ (ΔΡΑΜΑ) (Μετονομασία του Τμήματος ΔΑΣΟΛΟΓΙΑΣ ΚΑΙ ΦΥΣΙΚΟΥ ΠΕΡΙΒΑΛΛΟΝΤΟΣ),Δράμα,9530.0,345.0,MIRROR_UNOFFICIAL,BASE_ONLY,"ΜΟΝΟ ΒΑΣΗ. Θέσεις/εισαχθέντες/κενές 2026 ΔΕΝ διαθέσιμα: το data.gov.gr δεν έχει dataset βάσεων 2026 (έλεγχος 7.144 datasets, 05/08/2026). Πηγή: aeitei.gr, mirror υπουργικών αρχείων — ΑΝΕΠΙΣΗΜΟ. Επαληθεύτηκε σε 13/13 τμήματα 1ου πεδίου έναντι ανεξάρτητης άντλησης."
1434,9770,2ο,ΠΕΡΙΒΑΛΛΟΝΤΟΣ (ΛΑΡΙΣΑ),Λάρισα,9590.0,180.0,MIRROR_UNOFFICIAL,BASE_ONLY,"ΜΟΝΟ ΒΑΣΗ. Θέσεις/εισαχθέντες/κενές 2026 ΔΕΝ διαθέσιμα: το data.gov.gr δεν έχει dataset βάσεων 2026 (έλεγχος 7.144 datasets, 05/08/2026). Πηγή: aeitei.gr, mirror υπουργικών αρχείων — ΑΝΕΠΙΣΗΜΟ. Επαληθεύτηκε σε 13/13 τμήματα 1ου πεδίου έναντι ανεξάρτητης άντλησης."
1452,9746,2ο,ΕΠΙΣΤΗΜΗΣ ΚΑΙ ΤΕΧΝΟΛΟΓΙΑΣ ΤΡΟΦΙΜΩΝ (ΑΡΓΟΣΤΟΛΙ),Αργοστολι,9461.0,285.0,MIRROR_UNOFFICIAL,BASE_ONLY,"ΜΟΝΟ ΒΑΣΗ. Θέσεις/εισαχθέντες/κενές 2026 ΔΕΝ διαθέσιμα: το data.gov.gr δεν έχει dataset βάσεων 2026 (έλεγχος 7.144 datasets, 05/08/2026). Πηγή: aeitei.gr, mirror υπουργικών αρχείων — ΑΝΕΠΙΣΗΜΟ. Επαληθεύτηκε σε 13/13 τμήματα 1ου πεδίου έναντι ανεξάρτητης άντλησης."
1511,9692,2ο,ΓΕΩΠΟΝΙΑΣ (ΚΑΛΑΜΑΤΑ),Καλαμάτα,9496.0,196.0,MIRROR_UNOFFICIAL,BASE_ONLY,"ΜΟΝΟ ΒΑΣΗ. Θέσεις/εισαχθέντες/κενές 2026 ΔΕΝ διαθέσιμα: το data.gov.gr δεν έχει dataset βάσεων 2026 (έλεγχος 7.144 datasets, 05/08/2026). Πηγή: aeitei.gr, mirror υπουργικών αρχείων — ΑΝΕΠΙΣΗΜΟ. Επαληθεύτηκε σε 13/13 τμήματα 1ου πεδίου έναντι ανεξάρτητης άντλησης."
1633,9660,2ο,ΑΜΠΕΛΟΥΡΓΙΑΣ ΚΑΙ ΟΙΝΟΛΟΓΙΑΣ (ΔΡΑΜΑ) (Μετονομασία του Τμήματος ΑΓΡΟΤΙΚΗΣ ΒΙΟΤΕΧΝΟΛΟΓΙΑΣ ΚΑΙ ΟΙΝΟΛΟΓΙΑΣ),Δράμα,9430.0,230.0,MIRROR_UNOFFICIAL,BASE_ONLY,"ΜΟΝΟ ΒΑΣΗ. Θέσεις/εισαχθέντες/κενές 2026 ΔΕΝ διαθέσιμα: το data.gov.gr δεν έχει dataset βάσεων 2026 (έλεγχος 7.144 datasets, 05/08/2026). Πηγή: aeitei.gr, mirror υπουργικών αρχείων — ΑΝΕΠΙΣΗΜΟ. Επαληθεύτηκε σε 13/13 τμήματα 1ου πεδίου έναντι ανεξάρτητης άντλησης."
1001,9660,2ο,"ΑΓΡΟΤΙΚΗΣ ΑΝΑΠTΥΞΗΣ, ΑΓΡΟΔΙΑΤΡΟΦΗΣ ΚΑΙ ΔΙΑΧΕΙΡΙΣΗΣ ΦΥΣΙΚΩΝ ΠΟΡΩΝ (ΨΑΧΝΑ ΕΥΒΟΙΑΣ)",Ψαχνα Ευβοιας,9870.0,-210.0,MIRROR_UNOFFICIAL,BASE_ONLY,"ΜΟΝΟ ΒΑΣΗ. Θέσεις/εισαχθέντες/κενές 2026 ΔΕΝ διαθέσιμα: το data.gov.gr δεν έχει dataset βάσεων 2026 (έλεγχος 7.144 datasets, 05/08/2026). Πηγή: aeitei.gr, mirror υπουργικών αρχείων — ΑΝΕΠΙΣΗΜΟ. Επαληθεύτηκε σε 13/13 τμήματα 1ου πεδίου έναντι ανεξάρτητης άντλησης."
1552,9660,2ο,ΓΕΩΠΟΝΙΑΣ (ΦΛΩΡΙΝΑ),Φλώρινα,9300.0,360.0,MIRROR_UNOFFICIAL,BASE_ONLY,"ΜΟΝΟ ΒΑΣΗ. Θέσεις/εισαχθέντες/κενές 2026 ΔΕΝ διαθέσιμα: το data.gov.gr δεν έχει dataset βάσεων 2026 (έλεγχος 7.144 datasets, 05/08/2026). Πηγή: aeitei.gr, mirror υπουργικών αρχείων — ΑΝΕΠΙΣΗΜΟ. Επαληθεύτηκε σε 13/13 τμήματα 1ου πεδίου έναντι ανεξάρτητης άντλησης."
1542,9650,2ο,ΜΗΧΑΝΙΚΩΝ ΣΧΕΔΙΑΣΗΣ ΠΡΟΪΟΝΤΩΝ ΚΑΙ ΣΥΣΤΗΜΑΤΩΝ (ΚΟΖΑΝΗ),Κοζάνη,9225.0,425.0,MIRROR_UNOFFICIAL,BASE_ONLY,"ΜΟΝΟ ΒΑΣΗ. Θέσεις/εισαχθέντες/κενές 2026 ΔΕΝ διαθέσιμα: το data.gov.gr δεν έχει dataset βάσεων 2026 (έλεγχος 7.144 datasets, 05/08/2026). Πηγή: aeitei.gr, mirror υπουργικών αρχείων — ΑΝΕΠΙΣΗΜΟ. Επαληθεύτηκε σε 13/13 τμήματα 1ου πεδίου έναντι ανεξάρτητης άντλησης."
1242,9635,2ο,ΓΕΩΠΟΝΙΑΣ (ΑΡΤΑ),Άρτα,9455.0,180.0,MIRROR_UNOFFICIAL,BASE_ONLY,"ΜΟΝΟ ΒΑΣΗ. Θέσεις/εισαχθέντες/κενές 2026 ΔΕΝ διαθέσιμα: το data.gov.gr δεν έχει dataset βάσεων 2026 (έλεγχος 7.144 datasets, 05/08/2026). Πηγή: aeitei.gr, mirror υπουργικών αρχείων — ΑΝΕΠΙΣΗΜΟ. Επαληθεύτηκε σε 13/13 τμήματα 1ου πεδίου έναντι ανεξάρτητης άντλησης."
1391,9620,2ο,ΩΚΕΑΝΟΓΡΑΦΙΑΣ ΚΑΙ ΘΑΛΑΣΣΙΩΝ ΒΙΟΕΠΙΣΤΗΜΩΝ (ΜΥΤΙΛΗΝΗ),Μυτιλήνη,9300.0,320.0,MIRROR_UNOFFICIAL,BASE_ONLY,"ΜΟΝΟ ΒΑΣΗ. Θέσεις/εισαχθέντες/κενές 2026 ΔΕΝ διαθέσιμα: το data.gov.gr δεν έχει dataset βάσεων 2026 (έλεγχος 7.144 datasets, 05/08/2026). Πηγή: aeitei.gr, mirror υπουργικών αρχείων — ΑΝΕΠΙΣΗΜΟ. Επαληθεύτηκε σε 13/13 τμήματα 1ου πεδίου έναντι ανεξάρτητης άντλησης."
1289,9580,2ο,ΓΕΩΠΟΝΙΑΣ (ΜΕΣΟΛΟΓΓΙ),Μεσολόγγι,9445.0,135.0,MIRROR_UNOFFICIAL,BASE_ONLY,"ΜΟΝΟ ΒΑΣΗ. Θέσεις/εισαχθέντες/κενές 2026 ΔΕΝ διαθέσιμα: το data.gov.gr δεν έχει dataset βάσεων 2026 (έλεγχος 7.144 datasets, 05/08/2026). Πηγή: aeitei.gr, mirror υπουργικών αρχείων — ΑΝΕΠΙΣΗΜΟ. Επαληθεύτηκε σε 13/13 τμήματα 1ου πεδίου έναντι ανεξάρτητης άντλησης."
1063,9570,2ο,ΔΙΟΙΚΗΣΗΣ ΓΕΩΡΓΙΚΩΝ ΕΠΙΧΕΙΡΗΣΕΩΝ ΚΑΙ ΣΥΣΤΗΜΑΤΩΝ ΕΦΟΔΙΑΣΜΟΥ (ΘΗΒΑ),Θήβα,9095.0,475.0,MIRROR_UNOFFICIAL,BASE_ONLY,"ΜΟΝΟ ΒΑΣΗ. Θέσεις/εισαχθέντες/κενές 2026 ΔΕΝ διαθέσιμα: το data.gov.gr δεν έχει dataset βάσεων 2026 (έλεγχος 7.144 datasets, 05/08/2026). Πηγή: aeitei.gr, mirror υπουργικών αρχείων — ΑΝΕΠΙΣΗΜΟ. Επαληθεύτηκε σε 13/13 τμήματα 1ου πεδίου έναντι ανεξάρτητης άντλησης."
1288,9550,2ο,ΑΕΙΦΟΡΙΚΗΣ ΓΕΩΡΓΙΑΣ (ΑΓΡΙΝΙΟ),Αγρίνιο,9885.0,-335.0,MIRROR_UNOFFICIAL,BASE_ONLY,"ΜΟΝΟ ΒΑΣΗ. Θέσεις/εισαχθέντες/κενές 2026 ΔΕΝ διαθέσιμα: το data.gov.gr δεν έχει dataset βάσεων 2026 (έλεγχος 7.144 datasets, 05/08/2026). Πηγή: aeitei.gr, mirror υπουργικών αρχείων — ΑΝΕΠΙΣΗΜΟ. Επαληθεύτηκε σε 13/13 τμήματα 1ου πεδίου έναντι ανεξάρτητης άντλησης."
1422,9520,2ο,ΓΕΩΠΟΝΙΑΣ - ΑΓΡΟΤΕΧΝΟΛΟΓΙΑΣ (ΛΑΡΙΣΑ),Λάρισα,9585.0,-65.0,MIRROR_UNOFFICIAL,BASE_ONLY,"ΜΟΝΟ ΒΑΣΗ. Θέσεις/εισαχθέντες/κενές 2026 ΔΕΝ διαθέσιμα: το data.gov.gr δεν έχει dataset βάσεων 2026 (έλεγχος 7.144 datasets, 05/08/2026). Πηγή: aeitei.gr, mirror υπουργικών αρχείων — ΑΝΕΠΙΣΗΜΟ. Επαληθεύτηκε σε 13/13 τμήματα 1ου πεδίου έναντι ανεξάρτητης άντλησης."
1436,9520,2ο,ΣΥΣΤΗΜΑΤΩΝ ΕΝΕΡΓΕΙΑΣ (ΛΑΡΙΣΑ),Λάρισα,8990.0,530.0,MIRROR_UNOFFICIAL,BASE_ONLY,"ΜΟΝΟ ΒΑΣΗ. Θέσεις/εισαχθέντες/κενές 2026 ΔΕΝ διαθέσιμα: το data.gov.gr δεν έχει dataset βάσεων 2026 (έλεγχος 7.144 datasets, 05/08/2026). Πηγή: aeitei.gr, mirror υπουργικών αρχείων — ΑΝΕΠΙΣΗΜΟ. Επαληθεύτηκε σε 13/13 τμήματα 1ου πεδίου έναντι ανεξάρτητης άντλησης."
1250,9450,2ο,ΠΛΗΡΟΦΟΡΙΚΗΣ ΚΑΙ ΤΗΛΕΠΙΚΟΙΝΩΝΙΩΝ (ΑΡΤΑ),Άρτα,8911.0,539.0,MIRROR_UNOFFICIAL,BASE_ONLY,"ΜΟΝΟ ΒΑΣΗ. Θέσεις/εισαχθέντες/κενές 2026 ΔΕΝ διαθέσιμα: το data.gov.gr δεν έχει dataset βάσεων 2026 (έλεγχος 7.144 datasets, 05/08/2026). Πηγή: aeitei.gr, mirror υπουργικών αρχείων — ΑΝΕΠΙΣΗΜΟ. Επαληθεύτηκε σε 13/13 τμήματα 1ου πεδίου έναντι ανεξάρτητης άντλησης."
222,9375,2ο,ΜΗΧΑΝΙΚΩΝ ΟΙΚΟΝΟΜΙΑΣ ΚΑΙ ΔΙΟΙΚΗΣΗΣ (ΧΙΟΣ),Χίος,9050.0,325.0,MIRROR_UNOFFICIAL,BASE_ONLY,"ΜΟΝΟ ΒΑΣΗ. Θέσεις/εισαχθέντες/κενές 2026 ΔΕΝ διαθέσιμα: το data.gov.gr δεν έχει dataset βάσεων 2026 (έλεγχος 7.144 datasets, 05/08/2026). Πηγή: aeitei.gr, mirror υπουργικών αρχείων — ΑΝΕΠΙΣΗΜΟ. Επαληθεύτηκε σε 13/13 τμήματα 1ου πεδίου έναντι ανεξάρτητης άντλησης."
1544,9320,2ο,ΔΙΟΙΚΗΤΙΚΗΣ ΕΠΙΣΤΗΜΗΣ ΚΑΙ ΤΕΧΝΟΛΟΓΙΑΣ (ΚΟΖΑΝΗ),Κοζάνη,8920.0,400.0,MIRROR_UNOFFICIAL,BASE_ONLY,"ΜΟΝΟ ΒΑΣΗ. Θέσεις/εισαχθέντες/κενές 2026 ΔΕΝ διαθέσιμα: το data.gov.gr δεν έχει dataset βάσεων 2026 (έλεγχος 7.144 datasets, 05/08/2026). Πηγή: aeitei.gr, mirror υπουργικών αρχείων — ΑΝΕΠΙΣΗΜΟ. Επαληθεύτηκε σε 13/13 τμήματα 1ου πεδίου έναντι ανεξάρτητης άντλησης."
1657,9320,2ο,ΓΕΩΠΟΝΙΑΣ (ΗΡΑΚΛΕΙΟ),Ηράκλειο,9400.0,-80.0,MIRROR_UNOFFICIAL,BASE_ONLY,"ΜΟΝΟ ΒΑΣΗ. Θέσεις/εισαχθέντες/κενές 2026 ΔΕΝ διαθέσιμα: το data.gov.gr δεν έχει dataset βάσεων 2026 (έλεγχος 7.144 datasets, 05/08/2026). Πηγή: aeitei.gr, mirror υπουργικών αρχείων — ΑΝΕΠΙΣΗΜΟ. Επαληθεύτηκε σε 13/13 τμήματα 1ου πεδίου έναντι ανεξάρτητης άντλησης."
1519,9264,2ο,ΨΗΦΙΑΚΩΝ ΣΥΣΤΗΜΑΤΩΝ (ΣΠΑΡΤΗ),Σπάρτη,9040.0,224.0,MIRROR_UNOFFICIAL,BASE_ONLY,"ΜΟΝΟ ΒΑΣΗ. Θέσεις/εισαχθέντες/κενές 2026 ΔΕΝ διαθέσιμα: το data.gov.gr δεν έχει dataset βάσεων 2026 (έλεγχος 7.144 datasets, 05/08/2026). Πηγή: aeitei.gr, mirror υπουργικών αρχείων — ΑΝΕΠΙΣΗΜΟ. Επαληθεύτηκε σε 13/13 τμήματα 1ου πεδίου έναντι ανεξάρτητης άντλησης."
366,9190,2ο,ΠΛΗΡΟΦΟΡΙΚΗΣ (ΚΕΡΚΥΡΑ),Κέρκυρα,8640.0,550.0,MIRROR_UNOFFICIAL,BASE_ONLY,"ΜΟΝΟ ΒΑΣΗ. Θέσεις/εισαχθέντες/κενές 2026 ΔΕΝ διαθέσιμα: το data.gov.gr δεν έχει dataset βάσεων 2026 (έλεγχος 7.144 datasets, 05/08/2026). Πηγή: aeitei.gr, mirror υπουργικών αρχείων — ΑΝΕΠΙΣΗΜΟ. Επαληθεύτηκε σε 13/13 τμήματα 1ου πεδίου έναντι ανεξάρτητης άντλησης."
1278,9160,2ο,ΕΠΙΣΤΗΜΗΣ ΚΑΙ ΤΕΧΝΟΛΟΓΙΑΣ ΤΡΟΦΙΜΩΝ (ΑΓΡΙΝΙΟ),Αγρίνιο,9630.0,-470.0,MIRROR_UNOFFICIAL,BASE_ONLY,"ΜΟΝΟ ΒΑΣΗ. Θέσεις/εισαχθέντες/κενές 2026 ΔΕΝ διαθέσιμα: το data.gov.gr δεν έχει dataset βάσεων 2026 (έλεγχος 7.144 datasets, 05/08/2026). Πηγή: aeitei.gr, mirror υπουργικών αρχείων — ΑΝΕΠΙΣΗΜΟ. Επαληθεύτηκε σε 13/13 τμήματα 1ου πεδίου έναντι ανεξάρτητης άντλησης."
1656,9080,2ο,ΔΙΟΙΚΗΤΙΚΗΣ ΕΠΙΣΤΗΜΗΣ ΚΑΙ ΤΕΧΝΟΛΟΓΙΑΣ (ΑΓΙΟΣ ΝΙΚΟΛΑΟΣ),Αγιος Νικολαος,8875.0,205.0,MIRROR_UNOFFICIAL,BASE_ONLY,"ΜΟΝΟ ΒΑΣΗ. Θέσεις/εισαχθέντες/κενές 2026 ΔΕΝ διαθέσιμα: το data.gov.gr δεν έχει dataset βάσεων 2026 (έλεγχος 7.144 datasets, 05/08/2026). Πηγή: aeitei.gr, mirror υπουργικών αρχείων — ΑΝΕΠΙΣΗΜΟ. Επαληθεύτηκε σε 13/13 τμήματα 1ου πεδίου έναντι ανεξάρτητης άντλησης."
353,8975,2ο,ΑΓΡΟΤΙΚΗΣ ΑΝΑΠΤΥΞΗΣ (ΟΡΕΣΤΙΑΔΑ),Ορεστιάδα,9125.0,-150.0,MIRROR_UNOFFICIAL,BASE_ONLY,"ΜΟΝΟ ΒΑΣΗ. Θέσεις/εισαχθέντες/κενές 2026 ΔΕΝ διαθέσιμα: το data.gov.gr δεν έχει dataset βάσεων 2026 (έλεγχος 7.144 datasets, 05/08/2026). Πηγή: aeitei.gr, mirror υπουργικών αρχείων — ΑΝΕΠΙΣΗΜΟ. Επαληθεύτηκε σε 13/13 τμήματα 1ου πεδίου έναντι ανεξάρτητης άντλησης."
864,8900,2ο,ΜΟΝΙΜΩΝ ΥΠΑΞΙΩΜΑΤΙΚΩΝ ΝΑΥΤΙΚΟΥ (Σ.Μ.Υ.Ν.),Σ.Μ.Υ.Ν.,8940.0,-40.0,MIRROR_UNOFFICIAL,BASE_ONLY,"ΜΟΝΟ ΒΑΣΗ. Θέσεις/εισαχθέντες/κενές 2026 ΔΕΝ διαθέσιμα: το data.gov.gr δεν έχει dataset βάσεων 2026 (έλεγχος 7.144 datasets, 05/08/2026). Πηγή: aeitei.gr, mirror υπουργικών αρχείων — ΑΝΕΠΙΣΗΜΟ. Επαληθεύτηκε σε 13/13 τμήματα 1ου πεδίου έναντι ανεξάρτητης άντλησης."
862,8820,2ο,ΜΟΝΙΜΩΝ ΥΠΑΞΙΩΜΑΤΙΚΩΝ ΣΤΡΑΤΟΥ (Σ.Μ.Υ.) - ΟΠΛΑ,Σ.Μ.Υ.,9170.0,-350.0,MIRROR_UNOFFICIAL,BASE_ONLY,"ΜΟΝΟ ΒΑΣΗ. Θέσεις/εισαχθέντες/κενές 2026 ΔΕΝ διαθέσιμα: το data.gov.gr δεν έχει dataset βάσεων 2026 (έλεγχος 7.144 datasets, 05/08/2026). Πηγή: aeitei.gr, mirror υπουργικών αρχείων — ΑΝΕΠΙΣΗΜΟ. Επαληθεύτηκε σε 13/13 τμήματα 1ου πεδίου έναντι ανεξάρτητης άντλησης."
1061,8700,2ο,ΔΑΣΟΛΟΓΙΑΣ ΚΑΙ ΔΙΑΧΕΙΡΙΣΗΣ ΦΥΣΙΚΟΥ ΠΕΡΙΒΑΛΛΟΝΤΟΣ (ΚΑΡΠΕΝΗΣΙ),Καρπενήσι,9700.0,-1000.0,MIRROR_UNOFFICIAL,BASE_ONLY,"ΜΟΝΟ ΒΑΣΗ. Θέσεις/εισαχθέντες/κενές 2026 ΔΕΝ διαθέσιμα: το data.gov.gr δεν έχει dataset βάσεων 2026 (έλεγχος 7.144 datasets, 05/08/2026). Πηγή: aeitei.gr, mirror υπουργικών αρχείων — ΑΝΕΠΙΣΗΜΟ. Επαληθεύτηκε σε 13/13 τμήματα 1ου πεδίου έναντι ανεξάρτητης άντλησης."
1424,8490,2ο,"ΔΑΣΟΛΟΓΙΑΣ, ΕΠΙΣΤΗΜΩΝ ΞΥΛΟΥ ΚΑΙ ΣΧΕΔΙΑΣΜΟΥ (ΚΑΡΔΙΤΣΑ)",Καρδίτσα,8605.0,-115.0,MIRROR_UNOFFICIAL,BASE_ONLY,"ΜΟΝΟ ΒΑΣΗ. Θέσεις/εισαχθέντες/κενές 2026 ΔΕΝ διαθέσιμα: το data.gov.gr δεν έχει dataset βάσεων 2026 (έλεγχος 7.144 datasets, 05/08/2026). Πηγή: aeitei.gr, mirror υπουργικών αρχείων — ΑΝΕΠΙΣΗΜΟ. Επαληθεύτηκε σε 13/13 τμήματα 1ου πεδίου έναντι ανεξάρτητης άντλησης."
218,8475,2ο,ΣΤΑΤΙΣΤΙΚΗΣ ΚΑΙ ΑΝΑΛΟΓΙΣΤΙΚΩΝ-ΧΡΗΜΑΤΟΟΙΚΟΝΟΜΙΚΩΝ ΜΑΘΗΜΑΤΙΚΩΝ (ΣΑΜΟΣ),Σάμος,8550.0,-75.0,MIRROR_UNOFFICIAL,BASE_ONLY,"ΜΟΝΟ ΒΑΣΗ. Θέσεις/εισαχθέντες/κενές 2026 ΔΕΝ διαθέσιμα: το data.gov.gr δεν έχει dataset βάσεων 2026 (έλεγχος 7.144 datasets, 05/08/2026). Πηγή: aeitei.gr, mirror υπουργικών αρχείων — ΑΝΕΠΙΣΗΜΟ. Επαληθεύτηκε σε 13/13 τμήματα 1ου πεδίου έναντι ανεξάρτητης άντλησης."
1453,8470,2ο,ΠΕΡΙΒΑΛΛΟΝΤΟΣ (ΖΑΚΥΝΘΟΣ),Ζακυνθος,8670.0,-200.0,MIRROR_UNOFFICIAL,BASE_ONLY,"ΜΟΝΟ ΒΑΣΗ. Θέσεις/εισαχθέντες/κενές 2026 ΔΕΝ διαθέσιμα: το data.gov.gr δεν έχει dataset βάσεων 2026 (έλεγχος 7.144 datasets, 05/08/2026). Πηγή: aeitei.gr, mirror υπουργικών αρχείων — ΑΝΕΠΙΣΗΜΟ. Επαληθεύτηκε σε 13/13 τμήματα 1ου πεδίου έναντι ανεξάρτητης άντλησης."
276,8440,2ο,ΠΕΡΙΒΑΛΛΟΝΤΟΣ (ΜΥΤΙΛΗΝΗ),Μυτιλήνη,8550.0,-110.0,MIRROR_UNOFFICIAL,BASE_ONLY,"ΜΟΝΟ ΒΑΣΗ. Θέσεις/εισαχθέντες/κενές 2026 ΔΕΝ διαθέσιμα: το data.gov.gr δεν έχει dataset βάσεων 2026 (έλεγχος 7.144 datasets, 05/08/2026). Πηγή: aeitei.gr, mirror υπουργικών αρχείων — ΑΝΕΠΙΣΗΜΟ. Επαληθεύτηκε σε 13/13 τμήματα 1ου πεδίου έναντι ανεξάρτητης άντλησης."
818,8300,2ο,ΣΧΟΛΗ ΜΗΧΑΝΙΚΩΝ,,8400.0,-100.0,MIRROR_UNOFFICIAL,BASE_ONLY,"ΜΟΝΟ ΒΑΣΗ. Θέσεις/εισαχθέντες/κενές 2026 ΔΕΝ διαθέσιμα: το data.gov.gr δεν έχει dataset βάσεων 2026 (έλεγχος 7.144 datasets, 05/08/2026). Πηγή: aeitei.gr, mirror υπουργικών αρχείων — ΑΝΕΠΙΣΗΜΟ. Επαληθεύτηκε σε 13/13 τμήματα 1ου πεδίου έναντι ανεξάρτητης άντλησης."
1664,8275,2ο,ΜΟΥΣΙΚΗΣ ΤΕΧΝΟΛΟΓΙΑΣ ΚΑΙ ΑΚΟΥΣΤΙΚΗΣ (ΡΕΘΥΜΝΟ),Ρέθυμνο,8400.0,-125.0,MIRROR_UNOFFICIAL,BASE_ONLY,"ΜΟΝΟ ΒΑΣΗ. Θέσεις/εισαχθέντες/κενές 2026 ΔΕΝ διαθέσιμα: το data.gov.gr δεν έχει dataset βάσεων 2026 (έλεγχος 7.144 datasets, 05/08/2026). Πηγή: aeitei.gr, mirror υπουργικών αρχείων — ΑΝΕΠΙΣΗΜΟ. Επαληθεύτηκε σε 13/13 τμήματα 1ου πεδίου έναντι ανεξάρτητης άντλησης."
817,8275,2ο,ΣΧΟΛΗ ΠΛΟΙΑΡΧΩΝ,,8400.0,-125.0,MIRROR_UNOFFICIAL,BASE_ONLY,"ΜΟΝΟ ΒΑΣΗ. Θέσεις/εισαχθέντες/κενές 2026 ΔΕΝ διαθέσιμα: το data.gov.gr δεν έχει dataset βάσεων 2026 (έλεγχος 7.144 datasets, 05/08/2026). Πηγή: aeitei.gr, mirror υπουργικών αρχείων — ΑΝΕΠΙΣΗΜΟ. Επαληθεύτηκε σε 13/13 τμήματα 1ου πεδίου έναντι ανεξάρτητης άντλησης."
1276,8238,2ο,ΑΛΙΕΙΑΣ ΚΑΙ ΥΔΑΤΟΚΑΛΛΙΕΡΓΕΙΩΝ (ΜΕΣΟΛΟΓΓΙ),Μεσολόγγι,8335.0,-97.0,MIRROR_UNOFFICIAL,BASE_ONLY,"ΜΟΝΟ ΒΑΣΗ. Θέσεις/εισαχθέντες/κενές 2026 ΔΕΝ διαθέσιμα: το data.gov.gr δεν έχει dataset βάσεων 2026 (έλεγχος 7.144 datasets, 05/08/2026). Πηγή: aeitei.gr, mirror υπουργικών αρχείων — ΑΝΕΠΙΣΗΜΟ. Επαληθεύτηκε σε 13/13 τμήματα 1ου πεδίου έναντι ανεξάρτητης άντλησης."
212,8080,2ο,ΔΑΣΟΛΟΓΙΑΣ ΚΑΙ ΔΙΑΧΕΙΡΙΣΗΣ ΠΕΡΙΒΑΛΛΟΝΤΟΣ ΚΑΙ ΦΥΣΙΚΩΝ ΠΟΡΩΝ (ΟΡΕΣΤΙΑΔΑ),Ορεστιάδα,8640.0,-560.0,MIRROR_UNOFFICIAL,BASE_ONLY,"ΜΟΝΟ ΒΑΣΗ. Θέσεις/εισαχθέντες/κενές 2026 ΔΕΝ διαθέσιμα: το data.gov.gr δεν έχει dataset βάσεων 2026 (έλεγχος 7.144 datasets, 05/08/2026). Πηγή: aeitei.gr, mirror υπουργικών αρχείων — ΑΝΕΠΙΣΗΜΟ. Επαληθεύτηκε σε 13/13 τμήματα 1ου πεδίου έναντι ανεξάρτητης άντλησης."
310,7690,2ο,ΓΕΩΓΡΑΦΙΑΣ (ΜΥΤΙΛΗΝΗ),Μυτιλήνη,7740.0,-50.0,MIRROR_UNOFFICIAL,BASE_ONLY,"ΜΟΝΟ ΒΑΣΗ. Θέσεις/εισαχθέντες/κενές 2026 ΔΕΝ διαθέσιμα: το data.gov.gr δεν έχει dataset βάσεων 2026 (έλεγχος 7.144 datasets, 05/08/2026). Πηγή: aeitei.gr, mirror υπουργικών αρχείων — ΑΝΕΠΙΣΗΜΟ. Επαληθεύτηκε σε 13/13 τμήματα 1ου πεδίου έναντι ανεξάρτητης άντλησης."
1547,7190,2ο,ΣΤΑΤΙΣΤΙΚΗΣ (ΓΡΕΒΕΝΑ) (Μετονομασία του Τμήματος ΣΤΑΤΙΣΤΙΚΗΣ ΚΑΙ ΑΣΦΑΛΙΣΤΙΚΗΣ ΕΠΙΣΤΗΜΗΣ),Γρεβενά,7280.0,-90.0,MIRROR_UNOFFICIAL,BASE_ONLY,"ΜΟΝΟ ΒΑΣΗ. Θέσεις/εισαχθέντες/κενές 2026 ΔΕΝ διαθέσιμα: το data.gov.gr δεν έχει dataset βάσεων 2026 (έλεγχος 7.144 datasets, 05/08/2026). Πηγή: aeitei.gr, mirror υπουργικών αρχείων — ΑΝΕΠΙΣΗΜΟ. Επαληθεύτηκε σε 13/13 τμήματα 1ου πεδίου έναντι ανεξάρτητης άντλησης."
295,18900,3ο,ΙΑΤΡΙΚΗΣ (ΑΘΗΝΑ),Αθήνα,18775.0,125.0,MIRROR_UNOFFICIAL,BASE_ONLY,"ΜΟΝΟ ΒΑΣΗ. Θέσεις/εισαχθέντες/κενές 2026 ΔΕΝ διαθέσιμα: το data.gov.gr δεν έχει dataset βάσεων 2026 (έλεγχος 7.144 datasets, 05/08/2026). Πηγή: aeitei.gr, mirror υπουργικών αρχείων — ΑΝΕΠΙΣΗΜΟ. Επαληθεύτηκε σε 13/13 τμήματα 1ου πεδίου έναντι ανεξάρτητης άντλησης."
297,18750,3ο,ΙΑΤΡΙΚΗΣ (ΘΕΣΣΑΛΟΝΙΚΗ),Θεσσαλονίκη,18575.0,175.0,MIRROR_UNOFFICIAL,BASE_ONLY,"ΜΟΝΟ ΒΑΣΗ. Θέσεις/εισαχθέντες/κενές 2026 ΔΕΝ διαθέσιμα: το data.gov.gr δεν έχει dataset βάσεων 2026 (έλεγχος 7.144 datasets, 05/08/2026). Πηγή: aeitei.gr, mirror υπουργικών αρχείων — ΑΝΕΠΙΣΗΜΟ. Επαληθεύτηκε σε 13/13 τμήματα 1ου πεδίου έναντι ανεξάρτητης άντλησης."
299,18745,3ο,ΙΑΤΡΙΚΗΣ (ΠΑΤΡΑ),Πάτρα,18445.0,300.0,MIRROR_UNOFFICIAL,BASE_ONLY,"ΜΟΝΟ ΒΑΣΗ. Θέσεις/εισαχθέντες/κενές 2026 ΔΕΝ διαθέσιμα: το data.gov.gr δεν έχει dataset βάσεων 2026 (έλεγχος 7.144 datasets, 05/08/2026). Πηγή: aeitei.gr, mirror υπουργικών αρχείων — ΑΝΕΠΙΣΗΜΟ. Επαληθεύτηκε σε 13/13 τμήματα 1ου πεδίου έναντι ανεξάρτητης άντλησης."
836,18535,3ο,ΟΔΟΝΤΙΑΤΡΙΚΟ (ΣΣΑΣ) ΘΕΣ/ΝΙΚΗΣ,Σσας,17770.0,765.0,MIRROR_UNOFFICIAL,BASE_ONLY,"ΜΟΝΟ ΒΑΣΗ. Θέσεις/εισαχθέντες/κενές 2026 ΔΕΝ διαθέσιμα: το data.gov.gr δεν έχει dataset βάσεων 2026 (έλεγχος 7.144 datasets, 05/08/2026). Πηγή: aeitei.gr, mirror υπουργικών αρχείων — ΑΝΕΠΙΣΗΜΟ. Επαληθεύτηκε σε 13/13 τμήματα 1ου πεδίου έναντι ανεξάρτητης άντλησης."
301,18525,3ο,ΙΑΤΡΙΚΗΣ (ΙΩΑΝΝΙΝΑ),Ιωάννινα,18200.0,325.0,MIRROR_UNOFFICIAL,BASE_ONLY,"ΜΟΝΟ ΒΑΣΗ. Θέσεις/εισαχθέντες/κενές 2026 ΔΕΝ διαθέσιμα: το data.gov.gr δεν έχει dataset βάσεων 2026 (έλεγχος 7.144 datasets, 05/08/2026). Πηγή: aeitei.gr, mirror υπουργικών αρχείων — ΑΝΕΠΙΣΗΜΟ. Επαληθεύτηκε σε 13/13 τμήματα 1ου πεδίου έναντι ανεξάρτητης άντλησης."
300,18475,3ο,ΙΑΤΡΙΚΗΣ (ΛΑΡΙΣΑ),Λάρισα,18100.0,375.0,MIRROR_UNOFFICIAL,BASE_ONLY,"ΜΟΝΟ ΒΑΣΗ. Θέσεις/εισαχθέντες/κενές 2026 ΔΕΝ διαθέσιμα: το data.gov.gr δεν έχει dataset βάσεων 2026 (έλεγχος 7.144 datasets, 05/08/2026). Πηγή: aeitei.gr, mirror υπουργικών αρχείων — ΑΝΕΠΙΣΗΜΟ. Επαληθεύτηκε σε 13/13 τμήματα 1ου πεδίου έναντι ανεξάρτητης άντλησης."
304,18425,3ο,ΙΑΤΡΙΚΗΣ (ΗΡΑΚΛΕΙΟ),Ηράκλειο,18050.0,375.0,MIRROR_UNOFFICIAL,BASE_ONLY,"ΜΟΝΟ ΒΑΣΗ. Θέσεις/εισαχθέντες/κενές 2026 ΔΕΝ διαθέσιμα: το data.gov.gr δεν έχει dataset βάσεων 2026 (έλεγχος 7.144 datasets, 05/08/2026). Πηγή: aeitei.gr, mirror υπουργικών αρχείων — ΑΝΕΠΙΣΗΜΟ. Επαληθεύτηκε σε 13/13 τμήματα 1ου πεδίου έναντι ανεξάρτητης άντλησης."
302,18350,3ο,ΙΑΤΡΙΚΗΣ (ΑΛΕΞΑΝΔΡΟΥΠΟΛΗ),Αλεξανδρούπολη,17975.0,375.0,MIRROR_UNOFFICIAL,BASE_ONLY,"ΜΟΝΟ ΒΑΣΗ. Θέσεις/εισαχθέντες/κενές 2026 ΔΕΝ διαθέσιμα: το data.gov.gr δεν έχει dataset βάσεων 2026 (έλεγχος 7.144 datasets, 05/08/2026). Πηγή: aeitei.gr, mirror υπουργικών αρχείων — ΑΝΕΠΙΣΗΜΟ. Επαληθεύτηκε σε 13/13 τμήματα 1ου πεδίου έναντι ανεξάρτητης άντλησης."
305,18310,3ο,ΟΔΟΝΤΙΑΤΡΙΚΗΣ (ΘΕΣΣΑΛΟΝΙΚΗ),Θεσσαλονίκη,17995.0,315.0,MIRROR_UNOFFICIAL,BASE_ONLY,"ΜΟΝΟ ΒΑΣΗ. Θέσεις/εισαχθέντες/κενές 2026 ΔΕΝ διαθέσιμα: το data.gov.gr δεν έχει dataset βάσεων 2026 (έλεγχος 7.144 datasets, 05/08/2026). Πηγή: aeitei.gr, mirror υπουργικών αρχείων — ΑΝΕΠΙΣΗΜΟ. Επαληθεύτηκε σε 13/13 τμήματα 1ου πεδίου έναντι ανεξάρτητης άντλησης."
303,18250,3ο,ΟΔΟΝΤΙΑΤΡΙΚΗΣ (ΑΘΗΝΑ),Αθήνα,17900.0,350.0,MIRROR_UNOFFICIAL,BASE_ONLY,"ΜΟΝΟ ΒΑΣΗ. Θέσεις/εισαχθέντες/κενές 2026 ΔΕΝ διαθέσιμα: το data.gov.gr δεν έχει dataset βάσεων 2026 (έλεγχος 7.144 datasets, 05/08/2026). Πηγή: aeitei.gr, mirror υπουργικών αρχείων — ΑΝΕΠΙΣΗΜΟ. Επαληθεύτηκε σε 13/13 τμήματα 1ου πεδίου έναντι ανεξάρτητης άντλησης."
289,18100,3ο,ΦΑΡΜΑΚΕΥΤΙΚΗΣ (ΑΘΗΝΑ),Αθήνα,17880.0,220.0,MIRROR_UNOFFICIAL,BASE_ONLY,"ΜΟΝΟ ΒΑΣΗ. Θέσεις/εισαχθέντες/κενές 2026 ΔΕΝ διαθέσιμα: το data.gov.gr δεν έχει dataset βάσεων 2026 (έλεγχος 7.144 datasets, 05/08/2026). Πηγή: aeitei.gr, mirror υπουργικών αρχείων — ΑΝΕΠΙΣΗΜΟ. Επαληθεύτηκε σε 13/13 τμήματα 1ου πεδίου έναντι ανεξάρτητης άντλησης."
291,18075,3ο,ΦΑΡΜΑΚΕΥΤΙΚΗΣ (ΘΕΣΣΑΛΟΝΙΚΗ),Θεσσαλονίκη,17625.0,450.0,MIRROR_UNOFFICIAL,BASE_ONLY,"ΜΟΝΟ ΒΑΣΗ. Θέσεις/εισαχθέντες/κενές 2026 ΔΕΝ διαθέσιμα: το data.gov.gr δεν έχει dataset βάσεων 2026 (έλεγχος 7.144 datasets, 05/08/2026). Πηγή: aeitei.gr, mirror υπουργικών αρχείων — ΑΝΕΠΙΣΗΜΟ. Επαληθεύτηκε σε 13/13 τμήματα 1ου πεδίου έναντι ανεξάρτητης άντλησης."
831,18050,3ο,ΙΑΤΡΙΚΟ (ΣΣΑΣ) ΘΕΣ/ΝΙΚΗΣ,Σσας,17550.0,500.0,MIRROR_UNOFFICIAL,BASE_ONLY,"ΜΟΝΟ ΒΑΣΗ. Θέσεις/εισαχθέντες/κενές 2026 ΔΕΝ διαθέσιμα: το data.gov.gr δεν έχει dataset βάσεων 2026 (έλεγχος 7.144 datasets, 05/08/2026). Πηγή: aeitei.gr, mirror υπουργικών αρχείων — ΑΝΕΠΙΣΗΜΟ. Επαληθεύτηκε σε 13/13 τμήματα 1ου πεδίου έναντι ανεξάρτητης άντλησης."
846,17975,3ο,ΦΑΡΜΑΚΕΥΤΙΚΟ (ΣΣΑΣ) ΘΕΣ/ΝΙΚΗΣ,Σσας,17300.0,675.0,MIRROR_UNOFFICIAL,BASE_ONLY,"ΜΟΝΟ ΒΑΣΗ. Θέσεις/εισαχθέντες/κενές 2026 ΔΕΝ διαθέσιμα: το data.gov.gr δεν έχει dataset βάσεων 2026 (έλεγχος 7.144 datasets, 05/08/2026). Πηγή: aeitei.gr, mirror υπουργικών αρχείων — ΑΝΕΠΙΣΗΜΟ. Επαληθεύτηκε σε 13/13 τμήματα 1ου πεδίου έναντι ανεξάρτητης άντλησης."
293,17920,3ο,ΦΑΡΜΑΚΕΥΤΙΚΗΣ (ΠΑΤΡΑ),Πάτρα,17620.0,300.0,MIRROR_UNOFFICIAL,BASE_ONLY,"ΜΟΝΟ ΒΑΣΗ. Θέσεις/εισαχθέντες/κενές 2026 ΔΕΝ διαθέσιμα: το data.gov.gr δεν έχει dataset βάσεων 2026 (έλεγχος 7.144 datasets, 05/08/2026). Πηγή: aeitei.gr, mirror υπουργικών αρχείων — ΑΝΕΠΙΣΗΜΟ. Επαληθεύτηκε σε 13/13 τμήματα 1ου πεδίου έναντι ανεξάρτητης άντλησης."
307,17867,3ο,ΚΤΗΝΙΑΤΡΙΚΗΣ (ΘΕΣΣΑΛΟΝΙΚΗ),Θεσσαλονίκη,17657.0,210.0,MIRROR_UNOFFICIAL,BASE_ONLY,"ΜΟΝΟ ΒΑΣΗ. Θέσεις/εισαχθέντες/κενές 2026 ΔΕΝ διαθέσιμα: το data.gov.gr δεν έχει dataset βάσεων 2026 (έλεγχος 7.144 datasets, 05/08/2026). Πηγή: aeitei.gr, mirror υπουργικών αρχείων — ΑΝΕΠΙΣΗΜΟ. Επαληθεύτηκε σε 13/13 τμήματα 1ου πεδίου έναντι ανεξάρτητης άντλησης."
841,17856,3ο,ΚΤΗΝΙΑΤΡΙΚΟ (ΣΣΑΣ) ΘΕΣ/ΝΙΚΗΣ,Σσας,17482.0,374.0,MIRROR_UNOFFICIAL,BASE_ONLY,"ΜΟΝΟ ΒΑΣΗ. Θέσεις/εισαχθέντες/κενές 2026 ΔΕΝ διαθέσιμα: το data.gov.gr δεν έχει dataset βάσεων 2026 (έλεγχος 7.144 datasets, 05/08/2026). Πηγή: aeitei.gr, mirror υπουργικών αρχείων — ΑΝΕΠΙΣΗΜΟ. Επαληθεύτηκε σε 13/13 τμήματα 1ου πεδίου έναντι ανεξάρτητης άντλησης."
308,17575,3ο,ΚΤΗΝΙΑΤΡΙΚΗΣ (ΚΑΡΔΙΤΣΑ),Καρδίτσα,17125.0,450.0,MIRROR_UNOFFICIAL,BASE_ONLY,"ΜΟΝΟ ΒΑΣΗ. Θέσεις/εισαχθέντες/κενές 2026 ΔΕΝ διαθέσιμα: το data.gov.gr δεν έχει dataset βάσεων 2026 (έλεγχος 7.144 datasets, 05/08/2026). Πηγή: aeitei.gr, mirror υπουργικών αρχείων — ΑΝΕΠΙΣΗΜΟ. Επαληθεύτηκε σε 13/13 τμήματα 1ου πεδίου έναντι ανεξάρτητης άντλησης."
294,16592,3ο,ΕΠΙΣΤΗΜΗΣ ΔΙΑΙΤΟΛΟΓΙΑΣ ΚΑΙ ΔΙΑΤΡΟΦΗΣ (ΑΘΗΝΑ),Αθήνα,16344.0,248.0,MIRROR_UNOFFICIAL,BASE_ONLY,"ΜΟΝΟ ΒΑΣΗ. Θέσεις/εισαχθέντες/κενές 2026 ΔΕΝ διαθέσιμα: το data.gov.gr δεν έχει dataset βάσεων 2026 (έλεγχος 7.144 datasets, 05/08/2026). Πηγή: aeitei.gr, mirror υπουργικών αρχείων — ΑΝΕΠΙΣΗΜΟ. Επαληθεύτηκε σε 13/13 τμήματα 1ου πεδίου έναντι ανεξάρτητης άντλησης."
683,16075,3ο,ΦΥΣΙΚΟΘΕΡΑΠΕΙΑΣ (ΑΙΓΑΛΕΩ),Αιγάλεω,15575.0,500.0,MIRROR_UNOFFICIAL,BASE_ONLY,"ΜΟΝΟ ΒΑΣΗ. Θέσεις/εισαχθέντες/κενές 2026 ΔΕΝ διαθέσιμα: το data.gov.gr δεν έχει dataset βάσεων 2026 (έλεγχος 7.144 datasets, 05/08/2026). Πηγή: aeitei.gr, mirror υπουργικών αρχείων — ΑΝΕΠΙΣΗΜΟ. Επαληθεύτηκε σε 13/13 τμήματα 1ου πεδίου έναντι ανεξάρτητης άντλησης."
1616,15955,3ο,ΦΥΣΙΚΟΘΕΡΑΠΕΙΑΣ (ΘΕΣΣΑΛΟΝΙΚΗ),Θεσσαλονίκη,15100.0,855.0,MIRROR_UNOFFICIAL,BASE_ONLY,"ΜΟΝΟ ΒΑΣΗ. Θέσεις/εισαχθέντες/κενές 2026 ΔΕΝ διαθέσιμα: το data.gov.gr δεν έχει dataset βάσεων 2026 (έλεγχος 7.144 datasets, 05/08/2026). Πηγή: aeitei.gr, mirror υπουργικών αρχείων — ΑΝΕΠΙΣΗΜΟ. Επαληθεύτηκε σε 13/13 τμήματα 1ου πεδίου έναντι ανεξάρτητης άντλησης."
680,14990,3ο,ΕΡΓΟΘΕΡΑΠΕΙΑΣ (ΑΙΓΑΛΕΩ),Αιγάλεω,14370.0,620.0,MIRROR_UNOFFICIAL,BASE_ONLY,"ΜΟΝΟ ΒΑΣΗ. Θέσεις/εισαχθέντες/κενές 2026 ΔΕΝ διαθέσιμα: το data.gov.gr δεν έχει dataset βάσεων 2026 (έλεγχος 7.144 datasets, 05/08/2026). Πηγή: aeitei.gr, mirror υπουργικών αρχείων — ΑΝΕΠΙΣΗΜΟ. Επαληθεύτηκε σε 13/13 τμήματα 1ου πεδίου έναντι ανεξάρτητης άντλησης."
1273,14920,3ο,ΦΥΣΙΚΟΘΕΡΑΠΕΙΑΣ (ΠΑΤΡΑ),Πάτρα,14381.0,539.0,MIRROR_UNOFFICIAL,BASE_ONLY,"ΜΟΝΟ ΒΑΣΗ. Θέσεις/εισαχθέντες/κενές 2026 ΔΕΝ διαθέσιμα: το data.gov.gr δεν έχει dataset βάσεων 2026 (έλεγχος 7.144 datasets, 05/08/2026). Πηγή: aeitei.gr, mirror υπουργικών αρχείων — ΑΝΕΠΙΣΗΜΟ. Επαληθεύτηκε σε 13/13 τμήματα 1ου πεδίου έναντι ανεξάρτητης άντλησης."
306,14800,3ο,ΝΟΣΗΛΕΥΤΙΚΗΣ (ΑΘΗΝΑ),Αθήνα,14400.0,400.0,MIRROR_UNOFFICIAL,BASE_ONLY,"ΜΟΝΟ ΒΑΣΗ. Θέσεις/εισαχθέντες/κενές 2026 ΔΕΝ διαθέσιμα: το data.gov.gr δεν έχει dataset βάσεων 2026 (έλεγχος 7.144 datasets, 05/08/2026). Πηγή: aeitei.gr, mirror υπουργικών αρχείων — ΑΝΕΠΙΣΗΜΟ. Επαληθεύτηκε σε 13/13 τμήματα 1ου πεδίου έναντι ανεξάρτητης άντλησης."
678,14685,3ο,ΒΙΟΪΑΤΡΙΚΩΝ ΕΠΙΣΤΗΜΩΝ (ΑΙΓΑΛΕΩ),Αιγάλεω,14130.0,555.0,MIRROR_UNOFFICIAL,BASE_ONLY,"ΜΟΝΟ ΒΑΣΗ. Θέσεις/εισαχθέντες/κενές 2026 ΔΕΝ διαθέσιμα: το data.gov.gr δεν έχει dataset βάσεων 2026 (έλεγχος 7.144 datasets, 05/08/2026). Πηγή: aeitei.gr, mirror υπουργικών αρχείων — ΑΝΕΠΙΣΗΜΟ. Επαληθεύτηκε σε 13/13 τμήματα 1ου πεδίου έναντι ανεξάρτητης άντλησης."
1615,14600,3ο,ΒΙΟΪΑΤΡΙΚΩΝ ΕΠΙΣΤΗΜΩΝ (ΘΕΣΣΑΛΟΝΙΚΗ),Θεσσαλονίκη,14240.0,360.0,MIRROR_UNOFFICIAL,BASE_ONLY,"ΜΟΝΟ ΒΑΣΗ. Θέσεις/εισαχθέντες/κενές 2026 ΔΕΝ διαθέσιμα: το data.gov.gr δεν έχει dataset βάσεων 2026 (έλεγχος 7.144 datasets, 05/08/2026). Πηγή: aeitei.gr, mirror υπουργικών αρχείων — ΑΝΕΠΙΣΗΜΟ. Επαληθεύτηκε σε 13/13 τμήματα 1ου πεδίου έναντι ανεξάρτητης άντλησης."
1438,14600,3ο,ΦΥΣΙΚΟΘΕΡΑΠΕΙΑΣ (ΛΑΜΙΑ),Λαμία,14380.0,220.0,MIRROR_UNOFFICIAL,BASE_ONLY,"ΜΟΝΟ ΒΑΣΗ. Θέσεις/εισαχθέντες/κενές 2026 ΔΕΝ διαθέσιμα: το data.gov.gr δεν έχει dataset βάσεων 2026 (έλεγχος 7.144 datasets, 05/08/2026). Πηγή: aeitei.gr, mirror υπουργικών αρχείων — ΑΝΕΠΙΣΗΜΟ. Επαληθεύτηκε σε 13/13 τμήματα 1ου πεδίου έναντι ανεξάρτητης άντλησης."
681,14175,3ο,ΜΑΙΕΥΤΙΚΗΣ (ΑΙΓΑΛΕΩ),Αιγάλεω,13200.0,975.0,MIRROR_UNOFFICIAL,BASE_ONLY,"ΜΟΝΟ ΒΑΣΗ. Θέσεις/εισαχθέντες/κενές 2026 ΔΕΝ διαθέσιμα: το data.gov.gr δεν έχει dataset βάσεων 2026 (έλεγχος 7.144 datasets, 05/08/2026). Πηγή: aeitei.gr, mirror υπουργικών αρχείων — ΑΝΕΠΙΣΗΜΟ. Επαληθεύτηκε σε 13/13 τμήματα 1ου πεδίου έναντι ανεξάρτητης άντλησης."
1670,14004,3ο,ΕΡΓΟΘΕΡΑΠΕΙΑΣ (ΚΟΜΟΤΗΝΗ),Κομοτηνή,13132.0,872.0,MIRROR_UNOFFICIAL,BASE_ONLY,"ΜΟΝΟ ΒΑΣΗ. Θέσεις/εισαχθέντες/κενές 2026 ΔΕΝ διαθέσιμα: το data.gov.gr δεν έχει dataset βάσεων 2026 (έλεγχος 7.144 datasets, 05/08/2026). Πηγή: aeitei.gr, mirror υπουργικών αρχείων — ΑΝΕΠΙΣΗΜΟ. Επαληθεύτηκε σε 13/13 τμήματα 1ου πεδίου έναντι ανεξάρτητης άντλησης."
1613,13960,3ο,ΕΠΙΣΤΗΜΩΝ ΔΙΑΤΡΟΦΗΣ ΚΑΙ ΔΙΑΙΤΟΛΟΓΙΑΣ (ΘΕΣΣΑΛΟΝΙΚΗ),Θεσσαλονίκη,13850.0,110.0,MIRROR_UNOFFICIAL,BASE_ONLY,"ΜΟΝΟ ΒΑΣΗ. Θέσεις/εισαχθέντες/κενές 2026 ΔΕΝ διαθέσιμα: το data.gov.gr δεν έχει dataset βάσεων 2026 (έλεγχος 7.144 datasets, 05/08/2026). Πηγή: aeitei.gr, mirror υπουργικών αρχείων — ΑΝΕΠΙΣΗΜΟ. Επαληθεύτηκε σε 13/13 τμήματα 1ου πεδίου έναντι ανεξάρτητης άντλησης."
1520,13880,3ο,ΦΥΣΙΚΟΘΕΡΑΠΕΙΑΣ (ΣΠΑΡΤΗ),Σπάρτη,13450.0,430.0,MIRROR_UNOFFICIAL,BASE_ONLY,"ΜΟΝΟ ΒΑΣΗ. Θέσεις/εισαχθέντες/κενές 2026 ΔΕΝ διαθέσιμα: το data.gov.gr δεν έχει dataset βάσεων 2026 (έλεγχος 7.144 datasets, 05/08/2026). Πηγή: aeitei.gr, mirror υπουργικών αρχείων — ΑΝΕΠΙΣΗΜΟ. Επαληθεύτηκε σε 13/13 τμήματα 1ου πεδίου έναντι ανεξάρτητης άντλησης."
682,13575,3ο,ΝΟΣΗΛΕΥΤΙΚΗΣ (ΑΙΓΑΛΕΩ),Αιγάλεω,13200.0,375.0,MIRROR_UNOFFICIAL,BASE_ONLY,"ΜΟΝΟ ΒΑΣΗ. Θέσεις/εισαχθέντες/κενές 2026 ΔΕΝ διαθέσιμα: το data.gov.gr δεν έχει dataset βάσεων 2026 (έλεγχος 7.144 datasets, 05/08/2026). Πηγή: aeitei.gr, mirror υπουργικών αρχείων — ΑΝΕΠΙΣΗΜΟ. Επαληθεύτηκε σε 13/13 τμήματα 1ου πεδίου έναντι ανεξάρτητης άντλησης."
1274,13502,3ο,ΛΟΓΟΘΕΡΑΠΕΙΑΣ (ΠΑΤΡΑ),Πάτρα,12844.0,658.0,MIRROR_UNOFFICIAL,BASE_ONLY,"ΜΟΝΟ ΒΑΣΗ. Θέσεις/εισαχθέντες/κενές 2026 ΔΕΝ διαθέσιμα: το data.gov.gr δεν έχει dataset βάσεων 2026 (έλεγχος 7.144 datasets, 05/08/2026). Πηγή: aeitei.gr, mirror υπουργικών αρχείων — ΑΝΕΠΙΣΗΜΟ. Επαληθεύτηκε σε 13/13 τμήματα 1ου πεδίου έναντι ανεξάρτητης άντλησης."
1245,13435,3ο,ΛΟΓΟΘΕΡΑΠΕΙΑΣ (ΙΩΑΝΝΙΝΑ),Ιωάννινα,12695.0,740.0,MIRROR_UNOFFICIAL,BASE_ONLY,"ΜΟΝΟ ΒΑΣΗ. Θέσεις/εισαχθέντες/κενές 2026 ΔΕΝ διαθέσιμα: το data.gov.gr δεν έχει dataset βάσεων 2026 (έλεγχος 7.144 datasets, 05/08/2026). Πηγή: aeitei.gr, mirror υπουργικών αρχείων — ΑΝΕΠΙΣΗΜΟ. Επαληθεύτηκε σε 13/13 τμήματα 1ου πεδίου έναντι ανεξάρτητης άντλησης."
1558,13348,3ο,ΕΡΓΟΘΕΡΑΠΕΙΑΣ (ΠΤΟΛΕΜΑΪΔΑ),Πτολεμαΐδα,13000.0,348.0,MIRROR_UNOFFICIAL,BASE_ONLY,"ΜΟΝΟ ΒΑΣΗ. Θέσεις/εισαχθέντες/κενές 2026 ΔΕΝ διαθέσιμα: το data.gov.gr δεν έχει dataset βάσεων 2026 (έλεγχος 7.144 datasets, 05/08/2026). Πηγή: aeitei.gr, mirror υπουργικών αρχείων — ΑΝΕΠΙΣΗΜΟ. Επαληθεύτηκε σε 13/13 τμήματα 1ου πεδίου έναντι ανεξάρτητης άντλησης."
1515,12860,3ο,ΛΟΓΟΘΕΡΑΠΕΙΑΣ (ΚΑΛΑΜΑΤΑ),Καλαμάτα,12440.0,420.0,MIRROR_UNOFFICIAL,BASE_ONLY,"ΜΟΝΟ ΒΑΣΗ. Θέσεις/εισαχθέντες/κενές 2026 ΔΕΝ διαθέσιμα: το data.gov.gr δεν έχει dataset βάσεων 2026 (έλεγχος 7.144 datasets, 05/08/2026). Πηγή: aeitei.gr, mirror υπουργικών αρχείων — ΑΝΕΠΙΣΗΜΟ. Επαληθεύτηκε σε 13/13 τμήματα 1ου πεδίου έναντι ανεξάρτητης άντλησης."
1614,12139,3ο,ΜΑΙΕΥΤΙΚΗΣ (ΘΕΣΣΑΛΟΝΙΚΗ),Θεσσαλονίκη,13241.0,-1102.0,MIRROR_UNOFFICIAL,BASE_ONLY,"ΜΟΝΟ ΒΑΣΗ. Θέσεις/εισαχθέντες/κενές 2026 ΔΕΝ διαθέσιμα: το data.gov.gr δεν έχει dataset βάσεων 2026 (έλεγχος 7.144 datasets, 05/08/2026). Πηγή: aeitei.gr, mirror υπουργικών αρχείων — ΑΝΕΠΙΣΗΜΟ. Επαληθεύτηκε σε 13/13 τμήματα 1ου πεδίου έναντι ανεξάρτητης άντλησης."
326,12120,3ο,ΑΓΡΟΤΙΚΗΣ ΟΙΚΟΝΟΜΙΑΣ ΚΑΙ ΑΝΑΠΤΥΞΗΣ (ΑΘΗΝΑ),Αθήνα,12310.0,-190.0,MIRROR_UNOFFICIAL,BASE_ONLY,"ΜΟΝΟ ΒΑΣΗ. Θέσεις/εισαχθέντες/κενές 2026 ΔΕΝ διαθέσιμα: το data.gov.gr δεν έχει dataset βάσεων 2026 (έλεγχος 7.144 datasets, 05/08/2026). Πηγή: aeitei.gr, mirror υπουργικών αρχείων — ΑΝΕΠΙΣΗΜΟ. Επαληθεύτηκε σε 13/13 τμήματα 1ου πεδίου έναντι ανεξάρτητης άντλησης."
1618,11990,3ο,ΝΟΣΗΛΕΥΤΙΚΗΣ (ΘΕΣΣΑΛΟΝΙΚΗ),Θεσσαλονίκη,12790.0,-800.0,MIRROR_UNOFFICIAL,BASE_ONLY,"ΜΟΝΟ ΒΑΣΗ. Θέσεις/εισαχθέντες/κενές 2026 ΔΕΝ διαθέσιμα: το data.gov.gr δεν έχει dataset βάσεων 2026 (έλεγχος 7.144 datasets, 05/08/2026). Πηγή: aeitei.gr, mirror υπουργικών αρχείων — ΑΝΕΠΙΣΗΜΟ. Επαληθεύτηκε σε 13/13 τμήματα 1ου πεδίου έναντι ανεξάρτητης άντλησης."
1426,11905,3ο,ΔΙΑΙΤΟΛΟΓΙΑΣ ΚΑΙ ΔΙΑΤΡΟΦΟΛΟΓΙΑΣ (ΤΡΙΚΑΛΑ),Τρίκαλα,12130.0,-225.0,MIRROR_UNOFFICIAL,BASE_ONLY,"ΜΟΝΟ ΒΑΣΗ. Θέσεις/εισαχθέντες/κενές 2026 ΔΕΝ διαθέσιμα: το data.gov.gr δεν έχει dataset βάσεων 2026 (έλεγχος 7.144 datasets, 05/08/2026). Πηγή: aeitei.gr, mirror υπουργικών αρχείων — ΑΝΕΠΙΣΗΜΟ. Επαληθεύτηκε σε 13/13 τμήματα 1ου πεδίου έναντι ανεξάρτητης άντλησης."
1516,11750,3ο,ΕΠΙΣΤΗΜΗΣ ΔΙΑΤΡΟΦΗΣ ΚΑΙ ΔΙΑΙΤΟΛΟΓΙΑΣ (ΚΑΛΑΜΑΤΑ),Καλαμάτα,11460.0,290.0,MIRROR_UNOFFICIAL,BASE_ONLY,"ΜΟΝΟ ΒΑΣΗ. Θέσεις/εισαχθέντες/κενές 2026 ΔΕΝ διαθέσιμα: το data.gov.gr δεν έχει dataset βάσεων 2026 (έλεγχος 7.144 datasets, 05/08/2026). Πηγή: aeitei.gr, mirror υπουργικών αρχείων — ΑΝΕΠΙΣΗΜΟ. Επαληθεύτηκε σε 13/13 τμήματα 1ου πεδίου έναντι ανεξάρτητης άντλησης."
1272,11700,3ο,ΝΟΣΗΛΕΥΤΙΚΗΣ (ΠΑΤΡΑ),Πάτρα,11400.0,300.0,MIRROR_UNOFFICIAL,BASE_ONLY,"ΜΟΝΟ ΒΑΣΗ. Θέσεις/εισαχθέντες/κενές 2026 ΔΕΝ διαθέσιμα: το data.gov.gr δεν έχει dataset βάσεων 2026 (έλεγχος 7.144 datasets, 05/08/2026). Πηγή: aeitei.gr, mirror υπουργικών αρχείων — ΑΝΕΠΙΣΗΜΟ. Επαληθεύτηκε σε 13/13 τμήματα 1ου πεδίου έναντι ανεξάρτητης άντλησης."
1433,10865,3ο,ΝΟΣΗΛΕΥΤΙΚΗΣ (ΛΑΡΙΣΑ),Λάρισα,10570.0,295.0,MIRROR_UNOFFICIAL,BASE_ONLY,"ΜΟΝΟ ΒΑΣΗ. Θέσεις/εισαχθέντες/κενές 2026 ΔΕΝ διαθέσιμα: το data.gov.gr δεν έχει dataset βάσεων 2026 (έλεγχος 7.144 datasets, 05/08/2026). Πηγή: aeitei.gr, mirror υπουργικών αρχείων — ΑΝΕΠΙΣΗΜΟ. Επαληθεύτηκε σε 13/13 τμήματα 1ου πεδίου έναντι ανεξάρτητης άντλησης."
679,10805,3ο,ΔΗΜΟΣΙΑΣ ΚΑΙ ΚΟΙΝΟΤΙΚΗΣ ΥΓΕΙΑΣ (ΑΘΗΝΑ),Αθήνα,11680.0,-875.0,MIRROR_UNOFFICIAL,BASE_ONLY,"ΜΟΝΟ ΒΑΣΗ. Θέσεις/εισαχθέντες/κενές 2026 ΔΕΝ διαθέσιμα: το data.gov.gr δεν έχει dataset βάσεων 2026 (έλεγχος 7.144 datasets, 05/08/2026). Πηγή: aeitei.gr, mirror υπουργικών αρχείων — ΑΝΕΠΙΣΗΜΟ. Επαληθεύτηκε σε 13/13 τμήματα 1ου πεδίου έναντι ανεξάρτητης άντλησης."
1653,10740,3ο,ΕΠΙΣΤΗΜΩΝ ΔΙΑΤΡΟΦΗΣ ΚΑΙ ΔΙΑΙΤΟΛΟΓΙΑΣ (ΣΗΤΕΙΑ),Σητεία,10460.0,280.0,MIRROR_UNOFFICIAL,BASE_ONLY,"ΜΟΝΟ ΒΑΣΗ. Θέσεις/εισαχθέντες/κενές 2026 ΔΕΝ διαθέσιμα: το data.gov.gr δεν έχει dataset βάσεων 2026 (έλεγχος 7.144 datasets, 05/08/2026). Πηγή: aeitei.gr, mirror υπουργικών αρχείων — ΑΝΕΠΙΣΗΜΟ. Επαληθεύτηκε σε 13/13 τμήματα 1ου πεδίου έναντι ανεξάρτητης άντλησης."
1617,10475,3ο,ΝΟΣΗΛΕΥΤΙΚΗΣ (ΑΛΕΞΑΝΔΡΟΥΠΟΛΗ),Αλεξανδρούπολη,9900.0,575.0,MIRROR_UNOFFICIAL,BASE_ONLY,"ΜΟΝΟ ΒΑΣΗ. Θέσεις/εισαχθέντες/κενές 2026 ΔΕΝ διαθέσιμα: το data.gov.gr δεν έχει dataset βάσεων 2026 (έλεγχος 7.144 datasets, 05/08/2026). Πηγή: aeitei.gr, mirror υπουργικών αρχείων — ΑΝΕΠΙΣΗΜΟ. Επαληθεύτηκε σε 13/13 τμήματα 1ου πεδίου έναντι ανεξάρτητης άντλησης."
1249,10435,3ο,ΝΟΣΗΛΕΥΤΙΚΗΣ (ΙΩΑΝΝΙΝΑ),Ιωάννινα,10930.0,-495.0,MIRROR_UNOFFICIAL,BASE_ONLY,"ΜΟΝΟ ΒΑΣΗ. Θέσεις/εισαχθέντες/κενές 2026 ΔΕΝ διαθέσιμα: το data.gov.gr δεν έχει dataset βάσεων 2026 (έλεγχος 7.144 datasets, 05/08/2026). Πηγή: aeitei.gr, mirror υπουργικών αρχείων — ΑΝΕΠΙΣΗΜΟ. Επαληθεύτηκε σε 13/13 τμήματα 1ου πεδίου έναντι ανεξάρτητης άντλησης."
1553,10384,3ο,ΜΑΙΕΥΤΙΚΗΣ (ΠΤΟΛΕΜΑΪΔΑ),Πτολεμαΐδα,12065.0,-1681.0,MIRROR_UNOFFICIAL,BASE_ONLY,"ΜΟΝΟ ΒΑΣΗ. Θέσεις/εισαχθέντες/κενές 2026 ΔΕΝ διαθέσιμα: το data.gov.gr δεν έχει dataset βάσεων 2026 (έλεγχος 7.144 datasets, 05/08/2026). Πηγή: aeitei.gr, mirror υπουργικών αρχείων — ΑΝΕΠΙΣΗΜΟ. Επαληθεύτηκε σε 13/13 τμήματα 1ου πεδίου έναντι ανεξάρτητης άντλησης."
190,10195,3ο,ΝΟΣΗΛΕΥΤΙΚΗΣ (ΤΡΙΠΟΛΗ),Τρίπολη,9755.0,440.0,MIRROR_UNOFFICIAL,BASE_ONLY,"ΜΟΝΟ ΒΑΣΗ. Θέσεις/εισαχθέντες/κενές 2026 ΔΕΝ διαθέσιμα: το data.gov.gr δεν έχει dataset βάσεων 2026 (έλεγχος 7.144 datasets, 05/08/2026). Πηγή: aeitei.gr, mirror υπουργικών αρχείων — ΑΝΕΠΙΣΗΜΟ. Επαληθεύτηκε σε 13/13 τμήματα 1ου πεδίου έναντι ανεξάρτητης άντλησης."
1651,10025,3ο,ΝΟΣΗΛΕΥΤΙΚΗΣ (ΗΡΑΚΛΕΙΟ),Ηράκλειο,10050.0,-25.0,MIRROR_UNOFFICIAL,BASE_ONLY,"ΜΟΝΟ ΒΑΣΗ. Θέσεις/εισαχθέντες/κενές 2026 ΔΕΝ διαθέσιμα: το data.gov.gr δεν έχει dataset βάσεων 2026 (έλεγχος 7.144 datasets, 05/08/2026). Πηγή: aeitei.gr, mirror υπουργικών αρχείων — ΑΝΕΠΙΣΗΜΟ. Επαληθεύτηκε σε 13/13 τμήματα 1ου πεδίου έναντι ανεξάρτητης άντλησης."
1425,9875,3ο,ΔΗΜΟΣΙΑΣ ΚΑΙ ΕΝΙΑΙΑΣ ΥΓΕΙΑΣ (ΚΑΡΔΙΤΣΑ),Καρδίτσα,9600.0,275.0,MIRROR_UNOFFICIAL,BASE_ONLY,"ΜΟΝΟ ΒΑΣΗ. Θέσεις/εισαχθέντες/κενές 2026 ΔΕΝ διαθέσιμα: το data.gov.gr δεν έχει dataset βάσεων 2026 (έλεγχος 7.144 datasets, 05/08/2026). Πηγή: aeitei.gr, mirror υπουργικών αρχείων — ΑΝΕΠΙΣΗΜΟ. Επαληθεύτηκε σε 13/13 τμήματα 1ου πεδίου έναντι ανεξάρτητης άντλησης."
157,19600,4ο,ΝΑΥΤΙΛΙΑΚΩΝ ΣΠΟΥΔΩΝ (ΠΕΙΡΑΙΑΣ),Πειραιάς,19210.0,390.0,MIRROR_UNOFFICIAL,BASE_ONLY,"ΜΟΝΟ ΒΑΣΗ. Θέσεις/εισαχθέντες/κενές 2026 ΔΕΝ διαθέσιμα: το data.gov.gr δεν έχει dataset βάσεων 2026 (έλεγχος 7.144 datasets, 05/08/2026). Πηγή: aeitei.gr, mirror υπουργικών αρχείων — ΑΝΕΠΙΣΗΜΟ. Επαληθεύτηκε σε 13/13 τμήματα 1ου πεδίου έναντι ανεξάρτητης άντλησης."
867,17875,4ο,ΟΙΚΟΝΟΜΙΚΟ (ΣΣΑΣ) ΘΕΣ/ΝΙΚΗ,Σσας,17735.0,140.0,MIRROR_UNOFFICIAL,BASE_ONLY,"ΜΟΝΟ ΒΑΣΗ. Θέσεις/εισαχθέντες/κενές 2026 ΔΕΝ διαθέσιμα: το data.gov.gr δεν έχει dataset βάσεων 2026 (έλεγχος 7.144 datasets, 05/08/2026). Πηγή: aeitei.gr, mirror υπουργικών αρχείων — ΑΝΕΠΙΣΗΜΟ. Επαληθεύτηκε σε 13/13 τμήματα 1ου πεδίου έναντι ανεξάρτητης άντλησης."
887,17530,4ο,ΙΚΑΡΩΝ (ΣΙ) ΕΦΟΔΙΑΣΤΩΝ,Σι,17465.0,65.0,MIRROR_UNOFFICIAL,BASE_ONLY,"ΜΟΝΟ ΒΑΣΗ. Θέσεις/εισαχθέντες/κενές 2026 ΔΕΝ διαθέσιμα: το data.gov.gr δεν έχει dataset βάσεων 2026 (έλεγχος 7.144 datasets, 05/08/2026). Πηγή: aeitei.gr, mirror υπουργικών αρχείων — ΑΝΕΠΙΣΗΜΟ. Επαληθεύτηκε σε 13/13 τμήματα 1ου πεδίου έναντι ανεξάρτητης άντλησης."
313,17425,4ο,ΟΡΓΑΝΩΣΗΣ ΚΑΙ ΔΙΟΙΚΗΣΗΣ ΕΠΙΧΕΙΡΗΣΕΩΝ (ΑΘΗΝΑ),Αθήνα,17425.0,0.0,MIRROR_UNOFFICIAL,BASE_ONLY,"ΜΟΝΟ ΒΑΣΗ. Θέσεις/εισαχθέντες/κενές 2026 ΔΕΝ διαθέσιμα: το data.gov.gr δεν έχει dataset βάσεων 2026 (έλεγχος 7.144 datasets, 05/08/2026). Πηγή: aeitei.gr, mirror υπουργικών αρχείων — ΑΝΕΠΙΣΗΜΟ. Επαληθεύτηκε σε 13/13 τμήματα 1ου πεδίου έναντι ανεξάρτητης άντλησης."
886,17275,4ο,ΙΚΑΡΩΝ (ΣΙ) ΔΙΟΙΚΗΤΙΚΩΝ,Σι,17260.0,15.0,MIRROR_UNOFFICIAL,BASE_ONLY,"ΜΟΝΟ ΒΑΣΗ. Θέσεις/εισαχθέντες/κενές 2026 ΔΕΝ διαθέσιμα: το data.gov.gr δεν έχει dataset βάσεων 2026 (έλεγχος 7.144 datasets, 05/08/2026). Πηγή: aeitei.gr, mirror υπουργικών αρχείων — ΑΝΕΠΙΣΗΜΟ. Επαληθεύτηκε σε 13/13 τμήματα 1ου πεδίου έναντι ανεξάρτητης άντλησης."
316,16360,4ο,ΟΡΓΑΝΩΣΗΣ ΚΑΙ ΔΙΟΙΚΗΣΗΣ ΕΠΙΧΕΙΡΗΣΕΩΝ (ΠΕΙΡΑΙΑΣ),Πειραιάς,16620.0,-260.0,MIRROR_UNOFFICIAL,BASE_ONLY,"ΜΟΝΟ ΒΑΣΗ. Θέσεις/εισαχθέντες/κενές 2026 ΔΕΝ διαθέσιμα: το data.gov.gr δεν έχει dataset βάσεων 2026 (έλεγχος 7.144 datasets, 05/08/2026). Πηγή: aeitei.gr, mirror υπουργικών αρχείων — ΑΝΕΠΙΣΗΜΟ. Επαληθεύτηκε σε 13/13 τμήματα 1ου πεδίου έναντι ανεξάρτητης άντλησης."
314,16225,4ο,ΜΑΡΚΕΤΙΝΓΚ ΚΑΙ ΕΠΙΚΟΙΝΩΝΙΑΣ (ΑΘΗΝΑ),Αθήνα,16350.0,-125.0,MIRROR_UNOFFICIAL,BASE_ONLY,"ΜΟΝΟ ΒΑΣΗ. Θέσεις/εισαχθέντες/κενές 2026 ΔΕΝ διαθέσιμα: το data.gov.gr δεν έχει dataset βάσεων 2026 (έλεγχος 7.144 datasets, 05/08/2026). Πηγή: aeitei.gr, mirror υπουργικών αρχείων — ΑΝΕΠΙΣΗΜΟ. Επαληθεύτηκε σε 13/13 τμήματα 1ου πεδίου έναντι ανεξάρτητης άντλησης."
312,16025,4ο,ΟΙΚΟΝΟΜΙΚΗΣ ΕΠΙΣΤΗΜΗΣ (ΑΘΗΝΑ),Αθήνα,15900.0,125.0,MIRROR_UNOFFICIAL,BASE_ONLY,"ΜΟΝΟ ΒΑΣΗ. Θέσεις/εισαχθέντες/κενές 2026 ΔΕΝ διαθέσιμα: το data.gov.gr δεν έχει dataset βάσεων 2026 (έλεγχος 7.144 datasets, 05/08/2026). Πηγή: aeitei.gr, mirror υπουργικών αρχείων — ΑΝΕΠΙΣΗΜΟ. Επαληθεύτηκε σε 13/13 τμήματα 1ου πεδίου έναντι ανεξάρτητης άντλησης."
1005,15930,4ο,ΔΙΟΙΚΗΣΗΣ ΕΠΙΧΕΙΡΗΣΕΩΝ ΚΑΙ ΟΡΓΑΝΙΣΜΩΝ (ΑΘΗΝΑ),Αθήνα,16220.0,-290.0,MIRROR_UNOFFICIAL,BASE_ONLY,"ΜΟΝΟ ΒΑΣΗ. Θέσεις/εισαχθέντες/κενές 2026 ΔΕΝ διαθέσιμα: το data.gov.gr δεν έχει dataset βάσεων 2026 (έλεγχος 7.144 datasets, 05/08/2026). Πηγή: aeitei.gr, mirror υπουργικών αρχείων — ΑΝΕΠΙΣΗΜΟ. Επαληθεύτηκε σε 13/13 τμήματα 1ου πεδίου έναντι ανεξάρτητης άντλησης."
347,15925,4ο,ΛΟΓΙΣΤΙΚΗΣ ΚΑΙ ΧΡΗΜΑΤΟΟΙΚΟΝΟΜΙΚΗΣ (ΑΘΗΝΑ),Αθήνα,15775.0,150.0,MIRROR_UNOFFICIAL,BASE_ONLY,"ΜΟΝΟ ΒΑΣΗ. Θέσεις/εισαχθέντες/κενές 2026 ΔΕΝ διαθέσιμα: το data.gov.gr δεν έχει dataset βάσεων 2026 (έλεγχος 7.144 datasets, 05/08/2026). Πηγή: aeitei.gr, mirror υπουργικών αρχείων — ΑΝΕΠΙΣΗΜΟ. Επαληθεύτηκε σε 13/13 τμήματα 1ου πεδίου έναντι ανεξάρτητης άντλησης."
322,15670,4ο,ΟΡΓΑΝΩΣΗΣ ΚΑΙ ΔΙΟΙΚΗΣΗΣ ΕΠΙΧΕΙΡΗΣΕΩΝ (ΘΕΣΣΑΛΟΝΙΚΗ),Θεσσαλονίκη,15532.0,138.0,MIRROR_UNOFFICIAL,BASE_ONLY,"ΜΟΝΟ ΒΑΣΗ. Θέσεις/εισαχθέντες/κενές 2026 ΔΕΝ διαθέσιμα: το data.gov.gr δεν έχει dataset βάσεων 2026 (έλεγχος 7.144 datasets, 05/08/2026). Πηγή: aeitei.gr, mirror υπουργικών αρχείων — ΑΝΕΠΙΣΗΜΟ. Επαληθεύτηκε σε 13/13 τμήματα 1ου πεδίου έναντι ανεξάρτητης άντλησης."
150,15450,4ο,ΔΙΕΘΝΩΝ ΚΑΙ ΕΥΡΩΠΑΪΚΩΝ ΟΙΚΟΝΟΜΙΚΩΝ ΣΠΟΥΔΩΝ (ΑΘΗΝΑ),Αθήνα,15150.0,300.0,MIRROR_UNOFFICIAL,BASE_ONLY,"ΜΟΝΟ ΒΑΣΗ. Θέσεις/εισαχθέντες/κενές 2026 ΔΕΝ διαθέσιμα: το data.gov.gr δεν έχει dataset βάσεων 2026 (έλεγχος 7.144 datasets, 05/08/2026). Πηγή: aeitei.gr, mirror υπουργικών αρχείων — ΑΝΕΠΙΣΗΜΟ. Επαληθεύτηκε σε 13/13 τμήματα 1ου πεδίου έναντι ανεξάρτητης άντλησης."
670,15270,4ο,ΔΙΟΙΚΗΣΗΣ ΤΟΥΡΙΣΜΟΥ (ΑΙΓΑΛΕΩ),Αιγάλεω,15850.0,-580.0,MIRROR_UNOFFICIAL,BASE_ONLY,"ΜΟΝΟ ΒΑΣΗ. Θέσεις/εισαχθέντες/κενές 2026 ΔΕΝ διαθέσιμα: το data.gov.gr δεν έχει dataset βάσεων 2026 (έλεγχος 7.144 datasets, 05/08/2026). Πηγή: aeitei.gr, mirror υπουργικών αρχείων — ΑΝΕΠΙΣΗΜΟ. Επαληθεύτηκε σε 13/13 τμήματα 1ου πεδίου έναντι ανεξάρτητης άντλησης."
315,14990,4ο,ΟΙΚΟΝΟΜΙΚΗΣ ΕΠΙΣΤΗΜΗΣ (ΠΕΙΡΑΙΑΣ),Πειραιάς,15100.0,-110.0,MIRROR_UNOFFICIAL,BASE_ONLY,"ΜΟΝΟ ΒΑΣΗ. Θέσεις/εισαχθέντες/κενές 2026 ΔΕΝ διαθέσιμα: το data.gov.gr δεν έχει dataset βάσεων 2026 (έλεγχος 7.144 datasets, 05/08/2026). Πηγή: aeitei.gr, mirror υπουργικών αρχείων — ΑΝΕΠΙΣΗΜΟ. Επαληθεύτηκε σε 13/13 τμήματα 1ου πεδίου έναντι ανεξάρτητης άντλησης."
375,14860,4ο,ΤΟΥΡΙΣΤΙΚΩΝ ΣΠΟΥΔΩΝ (ΠΕΙΡΑΙΑΣ),Πειραιάς,14785.0,75.0,MIRROR_UNOFFICIAL,BASE_ONLY,"ΜΟΝΟ ΒΑΣΗ. Θέσεις/εισαχθέντες/κενές 2026 ΔΕΝ διαθέσιμα: το data.gov.gr δεν έχει dataset βάσεων 2026 (έλεγχος 7.144 datasets, 05/08/2026). Πηγή: aeitei.gr, mirror υπουργικών αρχείων — ΑΝΕΠΙΣΗΜΟ. Επαληθεύτηκε σε 13/13 τμήματα 1ου πεδίου έναντι ανεξάρτητης άντλησης."
317,14620,4ο,ΟΙΚΟΝΟΜΙΚΩΝ ΕΠΙΣΤΗΜΩΝ (ΘΕΣΣΑΛΟΝΙΚΗ) - ΠΑΝ. ΜΑΚΕΔ.,Θεσσαλονίκη,14460.0,160.0,MIRROR_UNOFFICIAL,BASE_ONLY,"ΜΟΝΟ ΒΑΣΗ. Θέσεις/εισαχθέντες/κενές 2026 ΔΕΝ διαθέσιμα: το data.gov.gr δεν έχει dataset βάσεων 2026 (έλεγχος 7.144 datasets, 05/08/2026). Πηγή: aeitei.gr, mirror υπουργικών αρχείων — ΑΝΕΠΙΣΗΜΟ. Επαληθεύτηκε σε 13/13 τμήματα 1ου πεδίου έναντι ανεξάρτητης άντλησης."
309,13832,4ο,ΟΙΚΟΝΟΜΙΚΩΝ ΕΠΙΣΤΗΜΩΝ (ΑΘΗΝΑ),Αθήνα,13896.0,-64.0,MIRROR_UNOFFICIAL,BASE_ONLY,"ΜΟΝΟ ΒΑΣΗ. Θέσεις/εισαχθέντες/κενές 2026 ΔΕΝ διαθέσιμα: το data.gov.gr δεν έχει dataset βάσεων 2026 (έλεγχος 7.144 datasets, 05/08/2026). Πηγή: aeitei.gr, mirror υπουργικών αρχείων — ΑΝΕΠΙΣΗΜΟ. Επαληθεύτηκε σε 13/13 τμήματα 1ου πεδίου έναντι ανεξάρτητης άντλησης."
337,13800,4ο,ΛΟΓΙΣΤΙΚΗΣ ΚΑΙ ΧΡΗΜΑΤΟΟΙΚΟΝΟΜΙΚΗΣ (ΘΕΣΣΑΛΟΝΙΚΗ),Θεσσαλονίκη,13525.0,275.0,MIRROR_UNOFFICIAL,BASE_ONLY,"ΜΟΝΟ ΒΑΣΗ. Θέσεις/εισαχθέντες/κενές 2026 ΔΕΝ διαθέσιμα: το data.gov.gr δεν έχει dataset βάσεων 2026 (έλεγχος 7.144 datasets, 05/08/2026). Πηγή: aeitei.gr, mirror υπουργικών αρχείων — ΑΝΕΠΙΣΗΜΟ. Επαληθεύτηκε σε 13/13 τμήματα 1ου πεδίου έναντι ανεξάρτητης άντλησης."
311,13290,4ο,ΟΙΚΟΝΟΜΙΚΩΝ ΕΠΙΣΤΗΜΩΝ (ΘΕΣΣΑΛΟΝΙΚΗ) - ΑΠΘ,Θεσσαλονίκη,13240.0,50.0,MIRROR_UNOFFICIAL,BASE_ONLY,"ΜΟΝΟ ΒΑΣΗ. Θέσεις/εισαχθέντες/κενές 2026 ΔΕΝ διαθέσιμα: το data.gov.gr δεν έχει dataset βάσεων 2026 (έλεγχος 7.144 datasets, 05/08/2026). Πηγή: aeitei.gr, mirror υπουργικών αρχείων — ΑΝΕΠΙΣΗΜΟ. Επαληθεύτηκε σε 13/13 τμήματα 1ου πεδίου έναντι ανεξάρτητης άντλησης."
669,13110,4ο,ΔΙΟΙΚΗΣΗΣ ΕΠΙΧΕΙΡΗΣΕΩΝ (ΑΙΓΑΛΕΩ),Αιγάλεω,12920.0,190.0,MIRROR_UNOFFICIAL,BASE_ONLY,"ΜΟΝΟ ΒΑΣΗ. Θέσεις/εισαχθέντες/κενές 2026 ΔΕΝ διαθέσιμα: το data.gov.gr δεν έχει dataset βάσεων 2026 (έλεγχος 7.144 datasets, 05/08/2026). Πηγή: aeitei.gr, mirror υπουργικών αρχείων — ΑΝΕΠΙΣΗΜΟ. Επαληθεύτηκε σε 13/13 τμήματα 1ου πεδίου έναντι ανεξάρτητης άντλησης."
672,12952,4ο,ΛΟΓΙΣΤΙΚΗΣ ΚΑΙ ΧΡΗΜΑΤΟΟΙΚΟΝΟΜΙΚΗΣ (ΑΙΓΑΛΕΩ),Αιγάλεω,12765.0,187.0,MIRROR_UNOFFICIAL,BASE_ONLY,"ΜΟΝΟ ΒΑΣΗ. Θέσεις/εισαχθέντες/κενές 2026 ΔΕΝ διαθέσιμα: το data.gov.gr δεν έχει dataset βάσεων 2026 (έλεγχος 7.144 datasets, 05/08/2026). Πηγή: aeitei.gr, mirror υπουργικών αρχείων — ΑΝΕΠΙΣΗΜΟ. Επαληθεύτηκε σε 13/13 τμήματα 1ου πεδίου έναντι ανεξάρτητης άντλησης."
1283,12895,4ο,ΔΙΟΙΚΗΣΗΣ ΤΟΥΡΙΣΜΟΥ (ΠΑΤΡΑ),Πάτρα,13275.0,-380.0,MIRROR_UNOFFICIAL,BASE_ONLY,"ΜΟΝΟ ΒΑΣΗ. Θέσεις/εισαχθέντες/κενές 2026 ΔΕΝ διαθέσιμα: το data.gov.gr δεν έχει dataset βάσεων 2026 (έλεγχος 7.144 datasets, 05/08/2026). Πηγή: aeitei.gr, mirror υπουργικών αρχείων — ΑΝΕΠΙΣΗΜΟ. Επαληθεύτηκε σε 13/13 τμήματα 1ου πεδίου έναντι ανεξάρτητης άντλησης."
144,12613,4ο,ΟΙΚΟΝΟΜΙΑΣ ΚΑΙ ΒΙΩΣΙΜΗΣ ΑΝΑΠΤΥΞΗΣ (ΑΘΗΝΑ),Αθήνα,12556.0,57.0,MIRROR_UNOFFICIAL,BASE_ONLY,"ΜΟΝΟ ΒΑΣΗ. Θέσεις/εισαχθέντες/κενές 2026 ΔΕΝ διαθέσιμα: το data.gov.gr δεν έχει dataset βάσεων 2026 (έλεγχος 7.144 datasets, 05/08/2026). Πηγή: aeitei.gr, mirror υπουργικών αρχείων — ΑΝΕΠΙΣΗΜΟ. Επαληθεύτηκε σε 13/13 τμήματα 1ου πεδίου έναντι ανεξάρτητης άντλησης."
152,12550,4ο,ΟΙΚΟΝΟΜΙΚΗΣ ΚΑΙ ΠΕΡΙΦΕΡΕΙΑΚΗΣ ΑΝΑΠΤΥΞΗΣ (ΑΘΗΝΑ),Αθήνα,12675.0,-125.0,MIRROR_UNOFFICIAL,BASE_ONLY,"ΜΟΝΟ ΒΑΣΗ. Θέσεις/εισαχθέντες/κενές 2026 ΔΕΝ διαθέσιμα: το data.gov.gr δεν έχει dataset βάσεων 2026 (έλεγχος 7.144 datasets, 05/08/2026). Πηγή: aeitei.gr, mirror υπουργικών αρχείων — ΑΝΕΠΙΣΗΜΟ. Επαληθεύτηκε σε 13/13 τμήματα 1ου πεδίου έναντι ανεξάρτητης άντλησης."
1606,12160,4ο,ΛΟΓΙΣΤΙΚΗΣ ΚΑΙ ΠΛΗΡΟΦΟΡΙΑΚΩΝ ΣΥΣΤΗΜΑΤΩΝ (ΘΕΣΣΑΛΟΝΙΚΗ),Θεσσαλονίκη,12360.0,-200.0,MIRROR_UNOFFICIAL,BASE_ONLY,"ΜΟΝΟ ΒΑΣΗ. Θέσεις/εισαχθέντες/κενές 2026 ΔΕΝ διαθέσιμα: το data.gov.gr δεν έχει dataset βάσεων 2026 (έλεγχος 7.144 datasets, 05/08/2026). Πηγή: aeitei.gr, mirror υπουργικών αρχείων — ΑΝΕΠΙΣΗΜΟ. Επαληθεύτηκε σε 13/13 τμήματα 1ου πεδίου έναντι ανεξάρτητης άντλησης."
319,12030,4ο,ΟΙΚΟΝΟΜΙΚΩΝ ΕΠΙΣΤΗΜΩΝ (ΠΑΤΡΑ),Πάτρα,12426.0,-396.0,MIRROR_UNOFFICIAL,BASE_ONLY,"ΜΟΝΟ ΒΑΣΗ. Θέσεις/εισαχθέντες/κενές 2026 ΔΕΝ διαθέσιμα: το data.gov.gr δεν έχει dataset βάσεων 2026 (έλεγχος 7.144 datasets, 05/08/2026). Πηγή: aeitei.gr, mirror υπουργικών αρχείων — ΑΝΕΠΙΣΗΜΟ. Επαληθεύτηκε σε 13/13 τμήματα 1ου πεδίου έναντι ανεξάρτητης άντλησης."
1605,12020,4ο,"ΔΙΟΙΚΗΣΗΣ ΟΡΓΑΝΙΣΜΩΝ, ΜΑΡΚΕΤΙΝΓΚ ΚΑΙ ΤΟΥΡΙΣΜΟΥ (ΘΕΣΣΑΛΟΝΙΚΗ)",Θεσσαλονίκη,12170.0,-150.0,MIRROR_UNOFFICIAL,BASE_ONLY,"ΜΟΝΟ ΒΑΣΗ. Θέσεις/εισαχθέντες/κενές 2026 ΔΕΝ διαθέσιμα: το data.gov.gr δεν έχει dataset βάσεων 2026 (έλεγχος 7.144 datasets, 05/08/2026). Πηγή: aeitei.gr, mirror υπουργικών αρχείων — ΑΝΕΠΙΣΗΜΟ. Επαληθεύτηκε σε 13/13 τμήματα 1ου πεδίου έναντι ανεξάρτητης άντλησης."
350,11802,4ο,ΟΙΚΟΝΟΜΙΚΩΝ ΕΠΙΣΤΗΜΩΝ (ΒΟΛΟΣ),Βόλος,11851.0,-49.0,MIRROR_UNOFFICIAL,BASE_ONLY,"ΜΟΝΟ ΒΑΣΗ. Θέσεις/εισαχθέντες/κενές 2026 ΔΕΝ διαθέσιμα: το data.gov.gr δεν έχει dataset βάσεων 2026 (έλεγχος 7.144 datasets, 05/08/2026). Πηγή: aeitei.gr, mirror υπουργικών αρχείων — ΑΝΕΠΙΣΗΜΟ. Επαληθεύτηκε σε 13/13 τμήματα 1ου πεδίου έναντι ανεξάρτητης άντλησης."
352,11640,4ο,ΔΙΟΙΚΗΣΗΣ ΕΠΙΧΕΙΡΗΣΕΩΝ (ΠΑΤΡΑ),Πάτρα,11900.0,-260.0,MIRROR_UNOFFICIAL,BASE_ONLY,"ΜΟΝΟ ΒΑΣΗ. Θέσεις/εισαχθέντες/κενές 2026 ΔΕΝ διαθέσιμα: το data.gov.gr δεν έχει dataset βάσεων 2026 (έλεγχος 7.144 datasets, 05/08/2026). Πηγή: aeitei.gr, mirror υπουργικών αρχείων — ΑΝΕΠΙΣΗΜΟ. Επαληθεύτηκε σε 13/13 τμήματα 1ου πεδίου έναντι ανεξάρτητης άντλησης."
345,11225,4ο,ΟΙΚΟΝΟΜΙΚΩΝ ΕΠΙΣΤΗΜΩΝ (ΙΩΑΝΝΙΝΑ),Ιωάννινα,11450.0,-225.0,MIRROR_UNOFFICIAL,BASE_ONLY,"ΜΟΝΟ ΒΑΣΗ. Θέσεις/εισαχθέντες/κενές 2026 ΔΕΝ διαθέσιμα: το data.gov.gr δεν έχει dataset βάσεων 2026 (έλεγχος 7.144 datasets, 05/08/2026). Πηγή: aeitei.gr, mirror υπουργικών αρχείων — ΑΝΕΠΙΣΗΜΟ. Επαληθεύτηκε σε 13/13 τμήματα 1ου πεδίου έναντι ανεξάρτητης άντλησης."
1004,11200,4ο,ΔΙΑΧΕΙΡΙΣΗΣ ΛΙΜΕΝΩΝ ΚΑΙ ΝΑΥΤΙΛΙΑΣ (ΨΑΧΝΑ ΕΥΒΟΙΑΣ),Ψαχνα Ευβοιας,12600.0,-1400.0,MIRROR_UNOFFICIAL,BASE_ONLY,"ΜΟΝΟ ΒΑΣΗ. Θέσεις/εισαχθέντες/κενές 2026 ΔΕΝ διαθέσιμα: το data.gov.gr δεν έχει dataset βάσεων 2026 (έλεγχος 7.144 datasets, 05/08/2026). Πηγή: aeitei.gr, mirror υπουργικών αρχείων — ΑΝΕΠΙΣΗΜΟ. Επαληθεύτηκε σε 13/13 τμήματα 1ου πεδίου έναντι ανεξάρτητης άντλησης."
612,10955,4ο,ΟΙΚΟΝΟΜΙΚΗΣ ΚΑΙ ΔΙΟΙΚΗΣΗΣ ΤΟΥΡΙΣΜΟΥ (ΧΙΟΣ),Χίος,11550.0,-595.0,MIRROR_UNOFFICIAL,BASE_ONLY,"ΜΟΝΟ ΒΑΣΗ. Θέσεις/εισαχθέντες/κενές 2026 ΔΕΝ διαθέσιμα: το data.gov.gr δεν έχει dataset βάσεων 2026 (έλεγχος 7.144 datasets, 05/08/2026). Πηγή: aeitei.gr, mirror υπουργικών αρχείων — ΑΝΕΠΙΣΗΜΟ. Επαληθεύτηκε σε 13/13 τμήματα 1ου πεδίου έναντι ανεξάρτητης άντλησης."
180,10720,4ο,ΝΑΥΤΙΛΙΑΣ ΚΑΙ ΕΠΙΧΕΙΡΗΜΑΤΙΚΩΝ ΥΠΗΡΕΣΙΩΝ (ΧΙΟΣ),Χίος,9890.0,830.0,MIRROR_UNOFFICIAL,BASE_ONLY,"ΜΟΝΟ ΒΑΣΗ. Θέσεις/εισαχθέντες/κενές 2026 ΔΕΝ διαθέσιμα: το data.gov.gr δεν έχει dataset βάσεων 2026 (έλεγχος 7.144 datasets, 05/08/2026). Πηγή: aeitei.gr, mirror υπουργικών αρχείων — ΑΝΕΠΙΣΗΜΟ. Επαληθεύτηκε σε 13/13 τμήματα 1ου πεδίου έναντι ανεξάρτητης άντλησης."
321,10530,4ο,ΟΙΚΟΝΟΜΙΚΩΝ ΕΠΙΣΤΗΜΩΝ (ΡΕΘΥΜΝΟ),Ρέθυμνο,10415.0,115.0,MIRROR_UNOFFICIAL,BASE_ONLY,"ΜΟΝΟ ΒΑΣΗ. Θέσεις/εισαχθέντες/κενές 2026 ΔΕΝ διαθέσιμα: το data.gov.gr δεν έχει dataset βάσεων 2026 (έλεγχος 7.144 datasets, 05/08/2026). Πηγή: aeitei.gr, mirror υπουργικών αρχείων — ΑΝΕΠΙΣΗΜΟ. Επαληθεύτηκε σε 13/13 τμήματα 1ου πεδίου έναντι ανεξάρτητης άντλησης."
361,10325,4ο,ΟΙΚΟΝΟΜΙΚΩΝ ΕΠΙΣΤΗΜΩΝ (ΤΡΙΠΟΛΗ),Τρίπολη,10030.0,295.0,MIRROR_UNOFFICIAL,BASE_ONLY,"ΜΟΝΟ ΒΑΣΗ. Θέσεις/εισαχθέντες/κενές 2026 ΔΕΝ διαθέσιμα: το data.gov.gr δεν έχει dataset βάσεων 2026 (έλεγχος 7.144 datasets, 05/08/2026). Πηγή: aeitei.gr, mirror υπουργικών αρχείων — ΑΝΕΠΙΣΗΜΟ. Επαληθεύτηκε σε 13/13 τμήματα 1ου πεδίου έναντι ανεξάρτητης άντλησης."
1655,9992,4ο,ΔΙΟΙΚΗΣΗΣ ΕΠΙΧΕΙΡΗΣΕΩΝ ΚΑΙ ΤΟΥΡΙΣΜΟΥ (ΗΡΑΚΛΕΙΟ),Ηράκλειο,10088.0,-96.0,MIRROR_UNOFFICIAL,BASE_ONLY,"ΜΟΝΟ ΒΑΣΗ. Θέσεις/εισαχθέντες/κενές 2026 ΔΕΝ διαθέσιμα: το data.gov.gr δεν έχει dataset βάσεων 2026 (έλεγχος 7.144 datasets, 05/08/2026). Πηγή: aeitei.gr, mirror υπουργικών αρχείων — ΑΝΕΠΙΣΗΜΟ. Επαληθεύτηκε σε 13/13 τμήματα 1ου πεδίου έναντι ανεξάρτητης άντλησης."
1455,9450,4ο,ΤΟΥΡΙΣΜΟΥ (ΚΕΡΚΥΡΑ),Κέρκυρα,9820.0,-370.0,MIRROR_UNOFFICIAL,BASE_ONLY,"ΜΟΝΟ ΒΑΣΗ. Θέσεις/εισαχθέντες/κενές 2026 ΔΕΝ διαθέσιμα: το data.gov.gr δεν έχει dataset βάσεων 2026 (έλεγχος 7.144 datasets, 05/08/2026). Πηγή: aeitei.gr, mirror υπουργικών αρχείων — ΑΝΕΠΙΣΗΜΟ. Επαληθεύτηκε σε 13/13 τμήματα 1ου πεδίου έναντι ανεξάρτητης άντλησης."
1427,9370,4ο,ΔΙΟΙΚΗΣΗΣ ΕΠΙΧΕΙΡΗΣΕΩΝ (ΛΑΡΙΣΑ),Λάρισα,9825.0,-455.0,MIRROR_UNOFFICIAL,BASE_ONLY,"ΜΟΝΟ ΒΑΣΗ. Θέσεις/εισαχθέντες/κενές 2026 ΔΕΝ διαθέσιμα: το data.gov.gr δεν έχει dataset βάσεων 2026 (έλεγχος 7.144 datasets, 05/08/2026). Πηγή: aeitei.gr, mirror υπουργικών αρχείων — ΑΝΕΠΙΣΗΜΟ. Επαληθεύτηκε σε 13/13 τμήματα 1ου πεδίου έναντι ανεξάρτητης άντλησης."
1514,9335,4ο,ΔΙΟΙΚΗΣΗΣ ΕΠΙΧΕΙΡΗΣΕΩΝ ΚΑΙ ΟΡΓΑΝΙΣΜΩΝ (ΚΑΛΑΜΑΤΑ),Καλαμάτα,9715.0,-380.0,MIRROR_UNOFFICIAL,BASE_ONLY,"ΜΟΝΟ ΒΑΣΗ. Θέσεις/εισαχθέντες/κενές 2026 ΔΕΝ διαθέσιμα: το data.gov.gr δεν έχει dataset βάσεων 2026 (έλεγχος 7.144 datasets, 05/08/2026). Πηγή: aeitei.gr, mirror υπουργικών αρχείων — ΑΝΕΠΙΣΗΜΟ. Επαληθεύτηκε σε 13/13 τμήματα 1ου πεδίου έναντι ανεξάρτητης άντλησης."
1601,9150,4ο,ΟΡΓΑΝΩΣΗΣ ΚΑΙ ΔΙΟΙΚΗΣΗΣ ΕΠΙΧΕΙΡΗΣΕΩΝ (ΣΕΡΡΕΣ),Σέρρες,8950.0,200.0,MIRROR_UNOFFICIAL,BASE_ONLY,"ΜΟΝΟ ΒΑΣΗ. Θέσεις/εισαχθέντες/κενές 2026 ΔΕΝ διαθέσιμα: το data.gov.gr δεν έχει dataset βάσεων 2026 (έλεγχος 7.144 datasets, 05/08/2026). Πηγή: aeitei.gr, mirror υπουργικών αρχείων — ΑΝΕΠΙΣΗΜΟ. Επαληθεύτηκε σε 13/13 τμήματα 1ου πεδίου έναντι ανεξάρτητης άντλησης."
1430,9008,4ο,ΛΟΓΙΣΤΙΚΗΣ ΚΑΙ ΧΡΗΜΑΤΟΟΙΚΟΝΟΜΙΚΗΣ (ΛΑΡΙΣΑ),Λάρισα,8867.0,141.0,MIRROR_UNOFFICIAL,BASE_ONLY,"ΜΟΝΟ ΒΑΣΗ. Θέσεις/εισαχθέντες/κενές 2026 ΔΕΝ διαθέσιμα: το data.gov.gr δεν έχει dataset βάσεων 2026 (έλεγχος 7.144 datasets, 05/08/2026). Πηγή: aeitei.gr, mirror υπουργικών αρχείων — ΑΝΕΠΙΣΗΜΟ. Επαληθεύτηκε σε 13/13 τμήματα 1ου πεδίου έναντι ανεξάρτητης άντλησης."
1602,8985,4ο,ΟΙΚΟΝΟΜΙΚΩΝ ΕΠΙΣΤΗΜΩΝ (ΣΕΡΡΕΣ),Σέρρες,9555.0,-570.0,MIRROR_UNOFFICIAL,BASE_ONLY,"ΜΟΝΟ ΒΑΣΗ. Θέσεις/εισαχθέντες/κενές 2026 ΔΕΝ διαθέσιμα: το data.gov.gr δεν έχει dataset βάσεων 2026 (έλεγχος 7.144 datasets, 05/08/2026). Πηγή: aeitei.gr, mirror υπουργικών αρχείων — ΑΝΕΠΙΣΗΜΟ. Επαληθεύτηκε σε 13/13 τμήματα 1ου πεδίου έναντι ανεξάρτητης άντλησης."
400,8980,4ο,ΟΡΓΑΝΩΣΗΣ ΚΑΙ ΔΙΑΧΕΙΡΙΣΗΣ ΑΘΛΗΤΙΣΜΟΥ (ΣΠΑΡΤΗ),Σπάρτη,8940.0,40.0,MIRROR_UNOFFICIAL,BASE_ONLY,"ΜΟΝΟ ΒΑΣΗ. Θέσεις/εισαχθέντες/κενές 2026 ΔΕΝ διαθέσιμα: το data.gov.gr δεν έχει dataset βάσεων 2026 (έλεγχος 7.144 datasets, 05/08/2026). Πηγή: aeitei.gr, mirror υπουργικών αρχείων — ΑΝΕΠΙΣΗΜΟ. Επαληθεύτηκε σε 13/13 τμήματα 1ου πεδίου έναντι ανεξάρτητης άντλησης."
97,8940,4ο,ΟΙΚΟΝΟΜΙΚΩΝ ΕΠΙΣΤΗΜΩΝ (ΚΟΜΟΤΗΝΗ),Κομοτηνή,9696.0,-756.0,MIRROR_UNOFFICIAL,BASE_ONLY,"ΜΟΝΟ ΒΑΣΗ. Θέσεις/εισαχθέντες/κενές 2026 ΔΕΝ διαθέσιμα: το data.gov.gr δεν έχει dataset βάσεων 2026 (έλεγχος 7.144 datasets, 05/08/2026). Πηγή: aeitei.gr, mirror υπουργικών αρχείων — ΑΝΕΠΙΣΗΜΟ. Επαληθεύτηκε σε 13/13 τμήματα 1ου πεδίου έναντι ανεξάρτητης άντλησης."
1548,8920,4ο,ΟΙΚΟΝΟΜΙΚΩΝ ΕΠΙΣΤΗΜΩΝ (ΚΑΣΤΟΡΙΑ),Καστοριά,10330.0,-1410.0,MIRROR_UNOFFICIAL,BASE_ONLY,"ΜΟΝΟ ΒΑΣΗ. Θέσεις/εισαχθέντες/κενές 2026 ΔΕΝ διαθέσιμα: το data.gov.gr δεν έχει dataset βάσεων 2026 (έλεγχος 7.144 datasets, 05/08/2026). Πηγή: aeitei.gr, mirror υπουργικών αρχείων — ΑΝΕΠΙΣΗΜΟ. Επαληθεύτηκε σε 13/13 τμήματα 1ου πεδίου έναντι ανεξάρτητης άντλησης."
1513,8915,4ο,ΛΟΓΙΣΤΙΚΗΣ ΚΑΙ ΧΡΗΜΑΤΟΟΙΚΟΝΟΜΙΚΗΣ (ΚΑΛΑΜΑΤΑ),Καλαμάτα,9250.0,-335.0,MIRROR_UNOFFICIAL,BASE_ONLY,"ΜΟΝΟ ΒΑΣΗ. Θέσεις/εισαχθέντες/κενές 2026 ΔΕΝ διαθέσιμα: το data.gov.gr δεν έχει dataset βάσεων 2026 (έλεγχος 7.144 datasets, 05/08/2026). Πηγή: aeitei.gr, mirror υπουργικών αρχείων — ΑΝΕΠΙΣΗΜΟ. Επαληθεύτηκε σε 13/13 τμήματα 1ου πεδίου έναντι ανεξάρτητης άντλησης."
1654,8700,4ο,ΛΟΓΙΣΤΙΚΗΣ ΚΑΙ ΧΡΗΜΑΤΟΟΙΚΟΝΟΜΙΚΗΣ (ΗΡΑΚΛΕΙΟ),Ηράκλειο,8780.0,-80.0,MIRROR_UNOFFICIAL,BASE_ONLY,"ΜΟΝΟ ΒΑΣΗ. Θέσεις/εισαχθέντες/κενές 2026 ΔΕΝ διαθέσιμα: το data.gov.gr δεν έχει dataset βάσεων 2026 (έλεγχος 7.144 datasets, 05/08/2026). Πηγή: aeitei.gr, mirror υπουργικών αρχείων — ΑΝΕΠΙΣΗΜΟ. Επαληθεύτηκε σε 13/13 τμήματα 1ου πεδίου έναντι ανεξάρτητης άντλησης."
320,8605,4ο,ΔΙΟΙΚΗΣΗΣ ΕΠΙΧΕΙΡΗΣΕΩΝ (ΧΙΟΣ),Χίος,8630.0,-25.0,MIRROR_UNOFFICIAL,BASE_ONLY,"ΜΟΝΟ ΒΑΣΗ. Θέσεις/εισαχθέντες/κενές 2026 ΔΕΝ διαθέσιμα: το data.gov.gr δεν έχει dataset βάσεων 2026 (έλεγχος 7.144 datasets, 05/08/2026). Πηγή: aeitei.gr, mirror υπουργικών αρχείων — ΑΝΕΠΙΣΗΜΟ. Επαληθεύτηκε σε 13/13 τμήματα 1ου πεδίου έναντι ανεξάρτητης άντλησης."
1604,8300,4ο,ΛΟΓΙΣΤΙΚΗΣ ΚΑΙ ΧΡΗΜΑΤΟΟΙΚΟΝΟΜΙΚΗΣ (ΚΑΒΑΛΑ),Καβάλα,8300.0,0.0,MIRROR_UNOFFICIAL,BASE_ONLY,"ΜΟΝΟ ΒΑΣΗ. Θέσεις/εισαχθέντες/κενές 2026 ΔΕΝ διαθέσιμα: το data.gov.gr δεν έχει dataset βάσεων 2026 (έλεγχος 7.144 datasets, 05/08/2026). Πηγή: aeitei.gr, mirror υπουργικών αρχείων — ΑΝΕΠΙΣΗΜΟ. Επαληθεύτηκε σε 13/13 τμήματα 1ου πεδίου έναντι ανεξάρτητης άντλησης."
1549,8275,4ο,ΔΙΕΘΝΩΝ ΚΑΙ ΕΥΡΩΠΑΪΚΩΝ ΟΙΚΟΝΟΜΙΚΩΝ ΣΠΟΥΔΩΝ (ΚΟΖΑΝΗ),Κοζάνη,8400.0,-125.0,MIRROR_UNOFFICIAL,BASE_ONLY,"ΜΟΝΟ ΒΑΣΗ. Θέσεις/εισαχθέντες/κενές 2026 ΔΕΝ διαθέσιμα: το data.gov.gr δεν έχει dataset βάσεων 2026 (έλεγχος 7.144 datasets, 05/08/2026). Πηγή: aeitei.gr, mirror υπουργικών αρχείων — ΑΝΕΠΙΣΗΜΟ. Επαληθεύτηκε σε 13/13 τμήματα 1ου πεδίου έναντι ανεξάρτητης άντλησης."
1244,7640,4ο,ΛΟΓΙΣΤΙΚΗΣ ΚΑΙ ΧΡΗΜΑΤΟΟΙΚΟΝΟΜΙΚΗΣ (ΠΡΕΒΕΖΑ),Πρέβεζα,7890.0,-250.0,MIRROR_UNOFFICIAL,BASE_ONLY,"ΜΟΝΟ ΒΑΣΗ. Θέσεις/εισαχθέντες/κενές 2026 ΔΕΝ διαθέσιμα: το data.gov.gr δεν έχει dataset βάσεων 2026 (έλεγχος 7.144 datasets, 05/08/2026). Πηγή: aeitei.gr, mirror υπουργικών αρχείων — ΑΝΕΠΙΣΗΜΟ. Επαληθεύτηκε σε 13/13 τμήματα 1ου πεδίου έναντι ανεξάρτητης άντλησης."
1546,7540,4ο,ΟΡΓΑΝΩΣΗΣ ΚΑΙ ΔΙΟΙΚΗΣΗΣ ΕΠΙΧΕΙΡΗΣΕΩΝ (ΓΡΕΒΕΝΑ),Γρεβενά,7840.0,-300.0,MIRROR_UNOFFICIAL,BASE_ONLY,"ΜΟΝΟ ΒΑΣΗ. Θέσεις/εισαχθέντες/κενές 2026 ΔΕΝ διαθέσιμα: το data.gov.gr δεν έχει dataset βάσεων 2026 (έλεγχος 7.144 datasets, 05/08/2026). Πηγή: aeitei.gr, mirror υπουργικών αρχείων — ΑΝΕΠΙΣΗΜΟ. Επαληθεύτηκε σε 13/13 τμήματα 1ου πεδίου έναντι ανεξάρτητης άντλησης."
1545,7380,4ο,ΛΟΓΙΣΤΙΚΗΣ ΚΑΙ ΧΡΗΜΑΤΟΟΙΚΟΝΟΜΙΚΗΣ (ΚΟΖΑΝΗ),Κοζάνη,7310.0,70.0,MIRROR_UNOFFICIAL,BASE_ONLY,"ΜΟΝΟ ΒΑΣΗ. Θέσεις/εισαχθέντες/κενές 2026 ΔΕΝ διαθέσιμα: το data.gov.gr δεν έχει dataset βάσεων 2026 (έλεγχος 7.144 datasets, 05/08/2026). Πηγή: aeitei.gr, mirror υπουργικών αρχείων — ΑΝΕΠΙΣΗΜΟ. Επαληθεύτηκε σε 13/13 τμήματα 1ου πεδίου έναντι ανεξάρτητης άντλησης."
